feature,threshold_pct,n_flagged,tp,recall_pct,fp_hard_neg,fp_hn_rate_pct,fp_normal,fp_normal_rate_pct
pagerank,0.05,27,0,0.0,9,45.0,18,3.75
pagerank,0.1,54,0,0.0,12,60.0,42,8.75
pagerank,0.15,82,4,8.33,14,70.0,64,13.33
pagerank,0.2,109,6,12.5,14,70.0,89,18.54
pagerank,0.25,137,11,22.92,14,70.0,112,23.33
reverse_pagerank,0.05,27,0,0.0,2,10.0,25,5.21
reverse_pagerank,0.1,54,0,0.0,5,25.0,49,10.21
reverse_pagerank,0.15,82,0,0.0,9,45.0,73,15.21
reverse_pagerank,0.2,109,0,0.0,12,60.0,97,20.21
reverse_pagerank,0.25,137,0,0.0,14,70.0,123,25.62
betweenness_centrality,0.05,27,0,0.0,2,10.0,25,5.21
betweenness_centrality,0.1,54,0,0.0,3,15.0,51,10.62
betweenness_centrality,0.15,82,0,0.0,5,25.0,77,16.04
betweenness_centrality,0.2,109,0,0.0,5,25.0,104,21.67
betweenness_centrality,0.25,137,0,0.0,6,30.0,131,27.29
clustering_coefficient,0.05,27,23,47.92,0,0.0,4,0.83
clustering_coefficient,0.1,54,23,47.92,0,0.0,31,6.46
clustering_coefficient,0.15,82,25,52.08,3,15.0,54,11.25
clustering_coefficient,0.2,109,29,60.42,3,15.0,77,16.04
clustering_coefficient,0.25,137,30,62.5,3,15.0,104,21.67
reciprocity,0.05,27,22,45.83,0,0.0,5,1.04
reciprocity,0.1,54,46,95.83,0,0.0,8,1.67
reciprocity,0.15,82,48,100.0,5,25.0,29,6.04
reciprocity,0.2,109,48,100.0,9,45.0,52,10.83
reciprocity,0.25,137,48,100.0,12,60.0,77,16.04
core_number,0.05,27,0,0.0,0,0.0,27,5.62
core_number,0.1,54,0,0.0,0,0.0,54,11.25
core_number,0.15,82,0,0.0,0,0.0,82,17.08
core_number,0.2,109,0,0.0,0,0.0,109,22.71
core_number,0.25,137,0,0.0,7,35.0,130,27.08
in_degree,0.05,27,0,0.0,13,65.0,14,2.92
in_degree,0.1,54,0,0.0,14,70.0,40,8.33
in_degree,0.15,82,0,0.0,14,70.0,68,14.17
in_degree,0.2,109,0,0.0,15,75.0,94,19.58
in_degree,0.25,137,0,0.0,15,75.0,122,25.42
out_degree,0.05,27,19,39.58,0,0.0,8,1.67
out_degree,0.1,54,46,95.83,0,0.0,8,1.67
out_degree,0.15,82,48,100.0,0,0.0,34,7.08
out_degree,0.2,109,48,100.0,0,0.0,61,12.71
out_degree,0.25,137,48,100.0,3,15.0,86,17.92
degree_imbalance,0.05,27,19,39.58,0,0.0,8,1.67
degree_imbalance,0.1,54,34,70.83,7,35.0,13,2.71
degree_imbalance,0.15,82,34,70.83,10,50.0,38,7.92
degree_imbalance,0.2,109,34,70.83,13,65.0,62,12.92
degree_imbalance,0.25,137,34,70.83,15,75.0,88,18.33
flow_ratio_distance,0.05,27,4,8.33,1,5.0,22,4.58
flow_ratio_distance,0.1,54,12,25.0,2,10.0,40,8.33
flow_ratio_distance,0.15,82,18,37.5,2,10.0,62,12.92
flow_ratio_distance,0.2,109,28,58.33,2,10.0,79,16.46
flow_ratio_distance,0.25,137,41,85.42,2,10.0,94,19.58
unique_senders,0.05,27,13,27.08,8,40.0,6,1.25
unique_senders,0.1,54,15,31.25,12,60.0,27,5.62
unique_senders,0.15,82,16,33.33,12,60.0,54,11.25
unique_senders,0.2,109,16,33.33,14,70.0,79,16.46
unique_senders,0.25,137,17,35.42,17,85.0,103,21.46
unique_receivers,0.05,27,19,39.58,0,0.0,8,1.67
unique_receivers,0.1,54,46,95.83,0,0.0,8,1.67
unique_receivers,0.15,82,48,100.0,0,0.0,34,7.08
unique_receivers,0.2,109,48,100.0,0,0.0,61,12.71
unique_receivers,0.25,137,48,100.0,0,0.0,89,18.54
counterparty_entropy,0.05,27,18,37.5,6,30.0,3,0.62
counterparty_entropy,0.1,54,20,41.67,7,35.0,27,5.62
counterparty_entropy,0.15,82,20,41.67,11,55.0,51,10.62
counterparty_entropy,0.2,109,22,45.83,13,65.0,74,15.42
counterparty_entropy,0.25,137,23,47.92,13,65.0,101,21.04
avg_dwell_time_min,0.05,27,27,56.25,0,0.0,0,0.0
avg_dwell_time_min,0.1,54,41,85.42,1,5.0,12,2.5
avg_dwell_time_min,0.15,82,41,85.42,3,15.0,38,7.92
avg_dwell_time_min,0.2,109,41,85.42,4,20.0,64,13.33
avg_dwell_time_min,0.25,137,41,85.42,4,20.0,92,19.17
min_dwell_time_min,0.05,27,0,0.0,0,0.0,27,5.62
min_dwell_time_min,0.1,54,0,0.0,1,5.0,53,11.04
min_dwell_time_min,0.15,82,0,0.0,2,10.0,80,16.67
min_dwell_time_min,0.2,109,0,0.0,4,20.0,105,21.88
min_dwell_time_min,0.25,137,0,0.0,6,30.0,131,27.29
burstiness,0.05,27,20,41.67,0,0.0,7,1.46
burstiness,0.1,54,23,47.92,2,10.0,29,6.04
burstiness,0.15,82,25,52.08,4,20.0,53,11.04
burstiness,0.2,109,26,54.17,7,35.0,76,15.83
burstiness,0.25,137,26,54.17,7,35.0,104,21.67
off_hours_ratio,0.05,27,6,12.5,0,0.0,21,4.38
off_hours_ratio,0.1,54,6,12.5,0,0.0,48,10.0
off_hours_ratio,0.15,82,6,12.5,1,5.0,75,15.62
off_hours_ratio,0.2,109,6,12.5,2,10.0,101,21.04
off_hours_ratio,0.25,137,7,14.58,2,10.0,128,26.67
active_days,0.05,27,27,56.25,0,0.0,0,0.0
active_days,0.1,54,48,100.0,0,0.0,6,1.25
active_days,0.15,82,48,100.0,1,5.0,33,6.88
active_days,0.2,109,48,100.0,1,5.0,60,12.5
active_days,0.25,137,48,100.0,1,5.0,88,18.33
