account_id,account_name
ACC00001,Anay Shanker
ACC00002,Nirvaan Choudhury
ACC00003,Saanvi Sachar
ACC00004,Madhup Kapur
ACC00005,Zoya Virk
ACC00006,Tara Swaminathan
ACC00007,Zara Bains
ACC00008,Dhanush Varma
ACC00009,Divyansh Gupta
ACC00010,Vaibhav Deshmukh
ACC00011,Nayantara Karnik
ACC00012,Prerak Boase
ACC00013,Faiyaz Bose
ACC00014,Tiya Rege
ACC00015,Indrans Grover
ACC00016,Hrishita Sood
ACC00017,Kismat Edwin
ACC00018,Gokul Sahni
ACC00019,Ira Butala
ACC00020,Eva Viswanathan
ACC00021,Akarsh Raja
ACC00022,Lakshit Madan
ACC00023,Samiha Bala
ACC00024,Nishith Vohra
ACC00025,Biju Butala
ACC00026,Siya Dugar
ACC00027,Yuvaan Bhasin
ACC00028,Prerak Hora
ACC00029,Oorja Roy
ACC00030,Amira Dugar
ACC00031,Tushar Dhar
ACC00032,Advika Thaman
ACC00033,Lavanya Cheema
ACC00034,Lagan Sankar
ACC00035,Ishita Sastry
ACC00036,Jhanvi Agrawal
ACC00037,Taimur Cheema
ACC00038,Zaina Sami
ACC00039,Nirvi Char
ACC00040,Armaan Bhagat
ACC00041,Tejas Kale
ACC00042,Aaina Salvi
ACC00043,Parinaaz Shere
ACC00044,Ahana  Kant
ACC00045,Diya Khalsa
ACC00046,Nirvi Basak
ACC00047,Amani Johal
ACC00048,Gatik Kari
ACC00049,Zaina Kata
ACC00050,Mishti Dar
ACC00051,Renee Chhabra
ACC00052,Anvi Aggarwal
ACC00053,Shayak Sami
ACC00054,Jivin Bakshi
ACC00055,Stuvan Choudhury
ACC00056,Vanya Sachdev
ACC00057,Tiya Gour
ACC00058,Mahika Raman
ACC00059,Vanya Tank
ACC00060,Piya Rama
ACC00061,Yashvi Mandal
ACC00062,Shray Lata
ACC00063,Sana Lal
ACC00064,Jiya Ramaswamy
ACC00065,Ela Chandran
ACC00066,Ryan Saini
ACC00067,Saira Char
ACC00068,Fateh Sharaf
ACC00069,Romil Amble
ACC00070,Raghav Bajaj
ACC00071,Ojas Venkataraman
ACC00072,Ivana Singhal
ACC00073,Manjari Shankar
ACC00074,Riaan Babu
ACC00075,Hridaan Banik
ACC00076,Advika Baria
ACC00077,Anaya Lad
ACC00078,Ranbir Chana
ACC00079,Myra Talwar
ACC00080,Amani Basu
ACC00081,Mishti Kant
ACC00082,Lagan Deol
ACC00083,Reyansh Kanda
ACC00084,Fateh Sabharwal
ACC00085,Darshit Devi
ACC00086,Shlok Subramaniam
ACC00087,Aarav Dhaliwal
ACC00088,Kanav Sarkar
ACC00089,Divyansh Vohra
ACC00090,Shalv Varkey
ACC00091,Samar Rattan
ACC00092,Hrishita Badami
ACC00093,Ritvik Gola
ACC00094,Adah Bora
ACC00095,Mehul Kashyap
ACC00096,Amira Datta
ACC00097,Veer Varkey
ACC00098,Mahika Sharma
ACC00099,Kavya Gopal
ACC00100,Anya Swaminathan
ACC00101,Siya Virk
ACC00102,Amani Gour
ACC00103,Keya Halder
ACC00104,Emir Sandal
ACC00105,Armaan Doshi
ACC00106,Farhan Bava
ACC00107,Heer Bir
ACC00108,Amani Goyal
ACC00109,Khushi Sharaf
ACC00110,Piya Gour
ACC00111,Vedika Mandal
ACC00112,Yasmin Chahal
ACC00113,Shanaya Balay
ACC00114,Alia Sood
ACC00115,Drishya Rajagopalan
ACC00116,Alisha Krishnamurthy
ACC00117,Mannat Bains
ACC00118,Amira Rout
ACC00119,Biju Khatri
ACC00120,Aaryahi Sankar
ACC00121,Ayesha Sawhney
ACC00122,Amani Krishnan
ACC00123,Aaryahi Dugar
ACC00124,Umang Bose
ACC00125,Darshit Bath
ACC00126,Nitya Sheth
ACC00127,Saira Bal
ACC00128,Farhan Singh
ACC00129,Shayak Gill
ACC00130,Indranil Goyal
ACC00131,Mahika Kant
ACC00132,Purab Chokshi
ACC00133,Shray Kale
ACC00134,Tiya Biswas
ACC00135,Riaan Gade
ACC00136,Aarush Kothari
ACC00137,Dhanuk Venkataraman
ACC00138,Kashvi Kala
ACC00139,Adira Raja
ACC00140,Urvi Ghosh
ACC00141,Samiha Tank
ACC00142,Pihu Wadhwa
ACC00143,Anahi Kara
ACC00144,Zoya Mangal
ACC00145,Rhea Kanda
ACC00146,Shalv Batta
ACC00147,Sahil Mammen
ACC00148,Nayantara Sule
ACC00149,Gokul Sampath
ACC00150,Neelofar Sampath
ACC00151,Diya Golla
ACC00152,Nitara Ganguly
ACC00153,Suhana Shere
ACC00154,Ishaan Taneja
ACC00155,Alisha Zachariah
ACC00156,Umang Choudhury
ACC00157,Samar Bawa
ACC00158,Indrajit Mahal
ACC00159,Faiyaz Soni
ACC00160,Mohanlal Kurian
ACC00161,Saanvi Bora
ACC00162,Aaryahi Acharya
ACC00163,Nakul Mangal
ACC00164,Kabir Salvi
ACC00165,Ojas Shenoy
ACC00166,Rasha Khatri
ACC00167,Zoya Bir
ACC00168,Armaan Shetty
ACC00169,Rania Kothari
ACC00170,Yasmin Lad
ACC00171,Alia Ramachandran
ACC00172,Aniruddh Bora
ACC00173,Arhaan Bhatnagar
ACC00174,Miraan Sood
ACC00175,Taran Handa
ACC00176,Nishith Bhandari
ACC00177,Gatik Bir
ACC00178,Alisha Chadha
ACC00179,Dhruv Tailor
ACC00180,Nitya Ghose
ACC00181,Anay Gole
ACC00182,Anahita Suri
ACC00183,Alisha Kaul
ACC00184,Gokul Vyas
ACC00185,Tiya Bhattacharyya
ACC00186,Damini Vig
ACC00187,Gatik Lad
ACC00188,Mishti Doshi
ACC00189,Nayantara Solanki
ACC00190,Devansh Sankaran
ACC00191,Indranil Kannan
ACC00192,Samar Dara
ACC00193,Kashvi Sen
ACC00194,Madhav Manne
ACC00195,Badal Bakshi
ACC00196,Bhamini Raju
ACC00197,Reyansh Loyal
ACC00198,Ishita Dhawan
ACC00199,Veer Krishnan
ACC00200,Tarini Maharaj
ACC00201,Damini Bahri
ACC00202,Armaan Biswas
ACC00203,Kiara Ganguly
ACC00204,Rhea Manda
ACC00205,Saira Bal
ACC00206,Jayan Lala
ACC00207,Damini Soman
ACC00208,Inaaya  Goel
ACC00209,Manjari Khurana
ACC00210,Nishith Dewan
ACC00211,Mamooty Dixit
ACC00212,Trisha Suri
ACC00213,Hiran Bhagat
ACC00214,Yuvraj  Sachdeva
ACC00215,Anvi Sachdev
ACC00216,Vedika Kota
ACC00217,Dishani Kaur
ACC00218,Kartik Tailor
ACC00219,Shalv Bumb
ACC00220,Yakshit Sami
ACC00221,Kabir Boase
ACC00222,Neysa Gole
ACC00223,Biju Sama
ACC00224,Indrans Karan
ACC00225,Zeeshan Sarna
ACC00226,Tanya Luthra
ACC00227,Kaira Loyal
ACC00228,Ivan Gade
ACC00229,Farhan Sangha
ACC00230,Pari Swamy
ACC00231,Samaira Apte
ACC00232,Reyansh Jayaraman
ACC00233,Tiya Bir
ACC00234,Umang Walla
ACC00235,Alia Virk
ACC00236,Uthkarsh Baria
ACC00237,Neysa Vasa
ACC00238,Fateh Chakraborty
ACC00239,Shray Brahmbhatt
ACC00240,Nirvaan Shanker
ACC00241,Yakshit Kanda
ACC00242,Hridaan Sahota
ACC00243,Rasha Joshi
ACC00244,Indrajit Doctor
ACC00245,Vidur Dara
ACC00246,Devansh Chandra
ACC00247,Ishita Dyal
ACC00248,Tushar Dugar
ACC00249,Azad Manda
ACC00250,Charvi Maharaj
ACC00251,Dhanuk Taneja
ACC00252,Nirvi Kohli
ACC00253,Aarush Lata
ACC00254,Nakul Char
ACC00255,Sumer Deol
ACC00256,Dhanush Grover
ACC00257,Navya Agrawal
ACC00258,Dharmajan Krish
ACC00259,Neelofar Srinivasan
ACC00260,Jivika Varughese
ACC00261,Saksham Anand
ACC00262,Vritika Sankaran
ACC00263,Myra Deshpande
ACC00264,Ayesha Comar
ACC00265,Vaibhav Sawhney
ACC00266,Adah Kapur
ACC00267,Vanya Basak
ACC00268,Raghav Kade
ACC00269,Anya Srinivas
ACC00270,Miraya Gupta
ACC00271,Riaan Shah
ACC00272,Samiha Kashyap
ACC00273,Kismat Khatri
ACC00274,Jivika Roy
ACC00275,Umang Hayre
ACC00276,Trisha Sane
ACC00277,Elakshi Khurana
ACC00278,Anika Bava
ACC00279,Shalv Mammen
ACC00280,Aarush Sarraf
ACC00281,Eva Reddy
ACC00282,Pari Bhavsar
ACC00283,Fateh Dar
ACC00284,Farhan Chand
ACC00285,Rania Bobal
ACC00286,Aaina Raju
ACC00287,Kashvi Handa
ACC00288,Kabir Kohli
ACC00289,Ivana Chacko
ACC00290,Yuvraj  Sani
ACC00291,Zeeshan Savant
ACC00292,Ayesha Chacko
ACC00293,Jivika Aurora
ACC00294,Priyansh Soman
ACC00295,Hrishita Tata
ACC00296,Tara Sem
ACC00297,Lakshay Tak
ACC00298,Samarth Sarraf
ACC00299,Riaan Mangat
ACC00300,Drishya Yogi
ACC00301,Mishti Johal
ACC00302,Alisha Barad
ACC00303,Yuvaan Kurian
ACC00304,Rania Vyas
ACC00305,Bhamini Desai
ACC00306,Raunak Ganguly
ACC00307,Krish Sankaran
ACC00308,Neysa Bath
ACC00309,Rania Bhatti
ACC00310,Eva Manda
ACC00311,Manjari Sachar
ACC00312,Stuvan Kala
ACC00313,Siya Hayre
ACC00314,Vidur Vasa
ACC00315,Dishani Dhar
ACC00316,Aarna Sarna
ACC00317,Dharmajan Reddy
ACC00318,Samiha Vaidya
ACC00319,Rati Ahluwalia
ACC00320,Charvi Ghose
ACC00321,Ivan Grewal
ACC00322,Siya Sridhar
ACC00323,Bhavin Krish
ACC00324,Tushar Brar
ACC00325,Jayesh Varughese
ACC00326,Ishita Suri
ACC00327,Mamooty Dyal
ACC00328,Zeeshan Sem
ACC00329,Raunak Soman
ACC00330,Kiara Koshy
ACC00331,Ehsaan Chauhan
ACC00332,Dishani Bhavsar
ACC00333,Dhanuk Rajagopalan
ACC00334,Himmat Sridhar
ACC00335,Prerak Varkey
ACC00336,Parinaaz Doctor
ACC00337,Vanya Choudhry
ACC00338,Kiaan Tata
ACC00339,Arnav Kashyap
ACC00340,Alia Wagle
ACC00341,Arhaan Rana
ACC00342,Mohanlal Suresh
ACC00343,Kimaya Choudhary
ACC00344,Tarini Choudhary
ACC00345,Sumer Tripathi
ACC00346,Jayesh Dani
ACC00347,Zara Shan
ACC00348,Divij Bala
ACC00349,Akarsh Borah
ACC00350,Urvi Bhakta
ACC00351,Devansh Grover
ACC00352,Khushi Bedi
ACC00353,Uthkarsh Dube
ACC00354,Gokul Chakrabarti
ACC00355,Rati Mangat
ACC00356,Shray Dutta
ACC00357,Advika Sha
ACC00358,Yasmin Vaidya
ACC00359,Kimaya Rana
ACC00360,Nitara Dhaliwal
ACC00361,Miraan Bava
ACC00362,Divit Arya
ACC00363,Jayan Ray
ACC00364,Tushar Chander
ACC00365,Tanya Raja
ACC00366,Ishita Balasubramanian
ACC00367,Elakshi Kadakia
ACC00368,Tanya Kapur
ACC00369,Ivan Cherian
ACC00370,Ishita Gaba
ACC00371,Elakshi Karnik
ACC00372,Vedika Dhar
ACC00373,Armaan Hora
ACC00374,Rohan Sharaf
ACC00375,Chirag Dugal
ACC00376,Raghav Gour
ACC00377,Dishani Issac
ACC00378,Siya Thakur
ACC00379,Raunak Atwal
ACC00380,Neelofar Chadha
ACC00381,Keya Behl
ACC00382,Pranay Sagar
ACC00383,Kanav Borde
ACC00384,Shlok Seshadri
ACC00385,Pihu Yogi
ACC00386,Neysa Basu
ACC00387,Sumer Choudhury
ACC00388,Anaya Walia
ACC00389,Damini Bhasin
ACC00390,Vanya Baria
ACC00391,Mannat Kalla
ACC00392,Yuvaan Kala
ACC00393,Rania Vyas
ACC00394,Adira Wali
ACC00395,Shlok Yohannan
ACC00396,Taimur Sheth
ACC00397,Ivan Tak
ACC00398,Trisha Loke
ACC00399,Kimaya Bajwa
ACC00400,Neysa Toor
ACC00401,Nitara Bedi
ACC00402,Vanya Deep
ACC00403,Faiyaz Tiwari
ACC00404,Arnav Varkey
ACC00405,Sana Batra
ACC00406,Indranil Ben
ACC00407,Kiara Khurana
ACC00408,Pranay Sagar
ACC00409,Nitara Sandhu
ACC00410,Shalv Dewan
ACC00411,Dishani Choudhury
ACC00412,Yuvaan Taneja
ACC00413,Dhanush Karpe
ACC00414,Divij Sule
ACC00415,Saanvi Saha
ACC00416,Saanvi Kara
ACC00417,Saanvi Sharaf
ACC00418,Emir Datta
ACC00419,Nirvi Raja
ACC00420,Charvi Agate
ACC00421,Dishani Wadhwa
ACC00422,Aaina Ramanathan
ACC00423,Krish Cheema
ACC00424,Aarna Swamy
ACC00425,Elakshi Bera
ACC00426,Vaibhav Bora
ACC00427,Ehsaan Randhawa
ACC00428,Shanaya Sabharwal
ACC00429,Mamooty Ravel
ACC00430,Tanya Raja
ACC00431,Hansh Buch
ACC00432,Devansh Srinivasan
ACC00433,Eshani Choudhary
ACC00434,Taran Din
ACC00435,Vaibhav Sunder
ACC00436,Samarth Kurian
ACC00437,Divit Chacko
ACC00438,Dhruv Bansal
ACC00439,Jayesh Sundaram
ACC00440,Hazel Aggarwal
ACC00441,Nitara Aurora
ACC00442,Gatik Bail
ACC00443,Kaira Raju
ACC00444,Heer Mahal
ACC00445,Jivin Sampath
ACC00446,Oorja Sagar
ACC00447,Divyansh Dhar
ACC00448,Jayan Agate
ACC00449,Nishith Srivastava
ACC00450,Riya Shankar
ACC00451,Raghav Trivedi
ACC00452,Himmat Sane
ACC00453,Anvi Kashyap
ACC00454,Samiha Barad
ACC00455,Tejas Hayre
ACC00456,Trisha Raja
ACC00457,Himmat Kata
ACC00458,Sara Setty
ACC00459,Taimur Bahri
ACC00460,Arnav Sachar
ACC00461,Uthkarsh Choudhury
ACC00462,Sumer Taneja
ACC00463,Kabir Brar
ACC00464,Nirvaan Bains
ACC00465,Kismat Manda
ACC00466,Saira Seth
ACC00467,Dharmajan Chokshi
ACC00468,Mahika Keer
ACC00469,Jayan Choudhary
ACC00470,Uthkarsh Hans
ACC00471,Emir Anand
ACC00472,Elakshi Vasa
ACC00473,Lavanya Madan
ACC00474,Aarna Bhavsar
ACC00475,Anvi Sinha
ACC00476,Dharmajan Dhar
ACC00477,Onkar Chandra
ACC00478,Nehmat Master
ACC00479,Tushar Mammen
ACC00480,Ojas Dube
ACC00481,Ishaan Hayer
ACC00482,Yakshit Rana
ACC00483,Mannat Chad
ACC00484,Taran Dar
ACC00485,Indranil Bassi
ACC00486,Shray Tandon
ACC00487,Mamooty Raman
ACC00488,Farhan Suri
ACC00489,Farhan Dayal
ACC00490,Vaibhav Ravel
ACC00491,Parinaaz Sarna
ACC00492,Yasmin Dugar
ACC00493,Saksham Goel
ACC00494,Indrans Sood
ACC00495,Ayesha Chand
ACC00496,Vivaan Choudhry
ACC00497,Baiju Lall
ACC00498,Anvi Madan
ACC00499,Damini Ghose
ACC00500,Manjari Venkataraman
ACC00501,Rati Shetty
ACC00502,Vaibhav Chaudhari
ACC00503,Yasmin Shankar
ACC00504,Anika Swaminathan
ACC00505,Jayesh Kade
ACC00506,Madhav Talwar
ACC00507,Anika Tripathi
ACC00508,Alisha Sharma
ACC00509,Pranay Gole
ACC00510,Vanya Dhar
ACC00511,Shaan Samra
ACC00512,Urvi Shan
ACC00513,Dhanush Halder
ACC00514,Samar Sachdeva
ACC00515,Samiha Dalal
ACC00516,Shanaya Sarma
ACC00517,Prerak Ranganathan
ACC00518,Shaan Venkatesh
ACC00519,Shray Khosla
ACC00520,Zara Basu
ACC00521,Prisha Korpal
ACC00522,Nishith Bumb
ACC00523,Darshit Chand
ACC00524,Kabir Behl
ACC00525,Umang Kata
ACC00526,Shalv Baria
ACC00527,Trisha Kant
ACC00528,Sara Badal
ACC00529,Amira Shah
ACC00530,Kiaan Gole
ACC00531,Kavya Srinivasan
ACC00532,Rati Loyal
ACC00533,Aradhya Sastry
ACC00534,Jhanvi Din
ACC00535,Kanav Mander
ACC00536,Hrishita Goswami
ACC00537,Eshani Sanghvi
ACC00538,Tiya Majumdar
ACC00539,Emir Kibe
ACC00540,Divyansh Babu
ACC00541,Anahita Suresh
ACC00542,Divyansh Seshadri
ACC00543,Hazel Hans
ACC00544,Kartik Lall
ACC00545,Jiya Rattan
ACC00546,Ivana Shere
ACC00547,Siya Bera
ACC00548,Pari Karnik
ACC00549,Ehsaan Chacko
ACC00550,Tarini Ravel
