account_id,n_transactions,chi2_statistic,p_value,benford_flag,caveat,digit_1_pct,digit_2_pct,digit_3_pct
ACC00001,93,8.1843,0.415673,False,,33.3,12.9,9.7
ACC00002,97,9.2635,0.32056,False,,37.1,15.5,12.4
ACC00003,73,3.4595,0.902309,False,,30.1,21.9,13.7
ACC00004,112,4.0387,0.853615,False,,33.9,18.8,10.7
ACC00005,78,7.5142,0.4823,False,,34.6,11.5,11.5
ACC00006,117,16.5689,0.034924,True,,31.6,17.1,6.8
ACC00007,81,13.7078,0.089705,False,,37.0,21.0,11.1
ACC00008,93,9.3653,0.312424,False,,40.9,11.8,8.6
ACC00009,87,5.7381,0.676542,False,,39.1,14.9,11.5
ACC00010,86,7.3695,0.497342,False,,32.6,17.4,12.8
ACC00011,110,7.3279,0.501705,False,,33.6,19.1,8.2
ACC00012,70,9.7222,0.285071,False,,24.3,21.4,8.6
ACC00013,112,2.0331,0.979981,False,,30.4,18.8,12.5
ACC00014,83,8.1369,0.420218,False,,26.5,16.9,12.0
ACC00015,116,8.1373,0.420173,False,,36.2,14.7,13.8
ACC00016,87,11.8279,0.15905,False,,26.4,20.7,13.8
ACC00017,83,7.0813,0.527885,False,,22.9,14.5,9.6
ACC00018,94,4.883,0.77,False,,37.2,18.1,11.7
ACC00019,113,8.0666,0.42699,False,,36.3,19.5,10.6
ACC00020,82,9.3394,0.314476,False,,39.0,15.9,11.0
ACC00021,92,11.1783,0.191801,False,,25.0,17.4,17.4
ACC00022,83,5.3808,0.71621,False,,24.1,20.5,15.7
ACC00023,101,11.4471,0.177632,False,,30.7,20.8,13.9
ACC00024,85,4.2925,0.829816,False,,36.5,14.1,11.8
ACC00025,108,2.2674,0.971697,False,,30.6,13.9,14.8
ACC00026,91,0.518,0.999847,False,,28.6,18.7,12.1
ACC00027,85,5.8531,0.66368,False,,27.1,25.9,11.8
ACC00028,96,2.6442,0.954666,False,,27.1,18.8,10.4
ACC00029,60,6.2591,0.618232,False,,36.7,16.7,11.7
ACC00030,89,4.0778,0.850038,False,,31.5,19.1,11.2
ACC00031,40,5.7646,0.673577,False,,22.5,17.5,12.5
ACC00032,69,7.744,0.458872,False,,33.3,18.8,2.9
ACC00033,69,7.4451,0.489459,False,,29.0,18.8,8.7
ACC00034,83,4.0799,0.849847,False,,32.5,19.3,8.4
ACC00035,60,8.0162,0.431886,False,,43.3,16.7,10.0
ACC00036,98,6.0931,0.636807,False,,28.6,23.5,11.2
ACC00037,51,15.8037,0.045277,True,,25.5,19.6,9.8
ACC00038,94,3.3574,0.90997,False,,34.0,14.9,9.6
ACC00039,93,5.3882,0.715387,False,,28.0,20.4,11.8
ACC00040,81,4.4787,0.81156,False,,28.4,17.3,17.3
ACC00041,80,7.2943,0.50524,False,,36.2,21.2,10.0
ACC00042,75,2.5623,0.958763,False,,25.3,21.3,14.7
ACC00043,64,11.5713,0.171379,False,,28.1,14.1,15.6
ACC00044,72,6.9047,0.546954,False,,22.2,26.4,15.3
ACC00045,112,5.2267,0.733089,False,,28.6,17.9,12.5
ACC00046,64,6.1185,0.633965,False,,32.8,18.8,14.1
ACC00047,51,16.0874,0.041146,True,,23.5,2.0,15.7
ACC00048,98,8.4694,0.389013,False,,28.6,14.3,17.3
ACC00049,112,7.1305,0.522622,False,,33.0,24.1,7.1
ACC00050,83,7.1397,0.521641,False,,27.7,16.9,14.5
ACC00051,88,14.2889,0.074539,False,,43.2,13.6,10.2
ACC00052,120,7.9286,0.440479,False,,25.8,18.3,13.3
ACC00053,68,2.6137,0.956218,False,,29.4,16.2,13.2
ACC00054,115,8.1245,0.421406,False,,22.6,20.0,14.8
ACC00055,69,6.8654,0.551223,False,,33.3,21.7,5.8
ACC00056,79,11.6469,0.167667,False,,27.8,17.7,5.1
ACC00057,92,5.8053,0.669034,False,,30.4,18.5,17.4
ACC00058,98,7.974,0.436016,False,,31.6,23.5,14.3
ACC00059,95,16.4016,0.03698,True,,30.5,18.9,15.8
ACC00060,86,6.6297,0.577055,False,,23.3,18.6,12.8
ACC00061,78,7.0171,0.534784,False,,33.3,23.1,7.7
ACC00062,63,9.8122,0.278459,False,,42.9,19.0,7.9
ACC00063,90,8.542,0.382395,False,,43.3,15.6,12.2
ACC00064,93,2.636,0.955087,False,,28.0,14.0,14.0
ACC00065,77,4.6551,0.793728,False,,32.5,19.5,14.3
ACC00066,78,5.6826,0.682738,False,,33.3,19.2,15.4
ACC00067,63,11.5433,0.172772,False,,41.3,6.3,9.5
ACC00068,58,6.6991,0.569421,False,,27.6,12.1,12.1
ACC00069,68,6.4871,0.592835,False,,36.8,10.3,16.2
ACC00070,75,12.7165,0.121983,False,,34.7,16.0,4.0
ACC00071,81,8.4933,0.38682,False,,35.8,16.0,6.2
ACC00072,78,8.8949,0.351241,False,,33.3,21.8,9.0
ACC00073,101,3.3695,0.909078,False,,34.7,14.9,10.9
ACC00074,99,7.8905,0.444235,False,,32.3,21.2,14.1
ACC00075,92,8.1724,0.416818,False,,33.7,16.3,12.0
ACC00076,82,16.6222,0.034293,True,,41.5,13.4,8.5
ACC00077,67,12.2614,0.139915,False,,29.9,11.9,11.9
ACC00078,48,5.8433,0.664779,False,,31.2,16.7,16.7
ACC00079,72,12.1643,0.14402,False,,26.4,16.7,6.9
ACC00080,99,17.3845,0.026345,True,,34.3,21.2,11.1
ACC00081,90,10.543,0.228963,False,,30.0,16.7,10.0
ACC00082,79,7.7799,0.455258,False,,31.6,19.0,11.4
ACC00083,56,4.6816,0.791004,False,,25.0,14.3,16.1
ACC00084,86,3.9581,0.860881,False,,30.2,23.3,14.0
ACC00085,72,7.059,0.530285,False,,30.6,22.2,11.1
ACC00086,67,18.2623,0.019344,True,,32.8,11.9,9.0
ACC00087,108,10.8785,0.208682,False,,32.4,9.3,17.6
ACC00088,102,3.7072,0.882529,False,,29.4,20.6,11.8
ACC00089,77,10.2059,0.25087,False,,26.0,14.3,22.1
ACC00090,111,1.874,0.984634,False,,32.4,16.2,11.7
ACC00091,64,6.3545,0.607587,False,,31.2,18.8,9.4
ACC00092,57,6.8715,0.550558,False,,36.8,7.0,15.8
ACC00093,89,5.5907,0.692969,False,,21.3,21.3,10.1
ACC00094,64,6.1552,0.629858,False,,34.4,10.9,12.5
ACC00095,51,6.702,0.5691,False,,35.3,9.8,17.6
ACC00096,105,10.7919,0.213769,False,,22.9,17.1,11.4
ACC00097,125,6.8248,0.55565,False,,34.4,13.6,8.8
ACC00098,67,12.9353,0.114095,False,,46.3,17.9,6.0
ACC00099,76,6.9541,0.541598,False,,32.9,15.8,17.1
ACC00100,73,3.4699,0.901513,False,,31.5,20.5,8.2
ACC00101,78,7.5549,0.47811,False,,30.8,14.1,11.5
ACC00102,89,7.5437,0.479259,False,,39.3,16.9,13.5
ACC00103,80,12.1723,0.143681,False,,33.8,26.2,10.0
ACC00104,80,4.5159,0.807845,False,,35.0,20.0,8.8
ACC00105,68,3.4366,0.904055,False,,30.9,19.1,14.7
ACC00106,101,14.1374,0.078253,False,,33.7,19.8,6.9
ACC00107,103,9.6616,0.289586,False,,29.1,11.7,15.5
ACC00108,92,4.5948,0.799873,False,,32.6,21.7,9.8
ACC00109,84,7.2157,0.513544,False,,39.3,10.7,11.9
ACC00110,60,15.0307,0.058551,False,,41.7,20.0,5.0
ACC00111,106,8.6266,0.374769,False,,38.7,16.0,9.4
ACC00112,45,9.7229,0.285018,False,,37.8,20.0,2.2
ACC00113,84,2.4262,0.965082,False,,35.7,19.0,9.5
ACC00114,90,4.3498,0.824266,False,,28.9,13.3,15.6
ACC00115,117,3.52,0.897633,False,,28.2,14.5,12.0
ACC00116,68,11.1161,0.195206,False,,25.0,13.2,11.8
ACC00117,33,5.3656,0.717882,False,,24.2,24.2,6.1
ACC00118,75,2.7531,0.948886,False,,33.3,18.7,13.3
ACC00119,86,4.7272,0.786293,False,,37.2,15.1,14.0
ACC00120,65,5.5298,0.699739,False,,23.1,21.5,13.8
ACC00121,96,12.0513,0.148931,False,,34.4,12.5,14.6
ACC00122,104,5.0814,0.74884,False,,32.7,20.2,13.5
ACC00123,61,6.0898,0.637176,False,,26.2,16.4,9.8
ACC00124,46,13.8215,0.086538,False,,23.9,23.9,10.9
ACC00125,80,10.5496,0.228548,False,,28.7,22.5,7.5
ACC00126,89,4.6372,0.795552,False,,28.1,24.7,14.6
ACC00127,23,7.0867,0.527303,False,,34.8,34.8,4.3
ACC00128,75,8.7875,0.36054,False,,34.7,8.0,14.7
ACC00129,72,2.9093,0.939919,False,,23.6,19.4,15.3
ACC00130,49,7.0751,0.528557,False,,32.7,14.3,12.2
ACC00131,77,10.2807,0.245877,False,,37.7,14.3,10.4
ACC00132,82,6.7956,0.558839,False,,39.0,14.6,12.2
ACC00133,73,6.3202,0.611412,False,,28.8,17.8,9.6
ACC00134,98,19.7925,0.01115,True,,31.6,15.3,12.2
ACC00135,68,6.6443,0.57545,False,,22.1,17.6,16.2
ACC00136,79,10.756,0.215912,False,,25.3,21.5,19.0
ACC00137,72,7.1219,0.523541,False,,29.2,13.9,11.1
ACC00138,58,3.6865,0.884244,False,,32.8,13.8,8.6
ACC00139,93,6.1141,0.63445,False,,24.7,17.2,12.9
ACC00140,48,5.3578,0.718741,False,,35.4,18.8,4.2
ACC00141,68,10.589,0.226093,False,,33.8,19.1,19.1
ACC00142,107,11.9218,0.154726,False,,20.6,15.9,11.2
ACC00143,86,7.0462,0.531657,False,,32.6,23.3,12.8
ACC00144,87,5.6529,0.686045,False,,34.5,11.5,10.3
ACC00145,37,8.3237,0.402506,False,,29.7,21.6,21.6
ACC00146,73,20.5425,0.008467,True,,38.4,15.1,5.5
ACC00147,66,5.9249,0.655649,False,,25.8,16.7,16.7
ACC00148,69,8.6743,0.370509,False,,30.4,14.5,17.4
ACC00149,84,3.3257,0.912291,False,,29.8,16.7,11.9
ACC00150,82,3.9594,0.860772,False,,30.5,20.7,11.0
ACC00151,81,12.3685,0.135506,False,,22.2,29.6,13.6
ACC00152,76,7.4565,0.488268,False,,35.5,14.5,9.2
ACC00153,105,4.5719,0.802201,False,,26.7,21.9,10.5
ACC00154,89,7.7039,0.462914,False,,31.5,22.5,15.7
ACC00155,59,7.6664,0.466718,False,,39.0,18.6,8.5
ACC00156,78,7.2401,0.510962,False,,32.1,15.4,14.1
ACC00157,128,7.1687,0.518542,False,,31.2,19.5,17.2
ACC00158,59,9.1096,0.333137,False,,22.0,22.0,11.9
ACC00159,60,4.7288,0.786135,False,,23.3,20.0,11.7
ACC00160,78,4.9132,0.766813,False,,32.1,11.5,12.8
ACC00161,75,6.7438,0.564508,False,,29.3,24.0,8.0
ACC00162,83,7.7122,0.462075,False,,27.7,18.1,8.4
ACC00163,48,10.0837,0.259202,False,,43.8,14.6,10.4
ACC00164,82,7.4828,0.48555,False,,30.5,24.4,11.0
ACC00165,85,3.2576,0.917164,False,,36.5,18.8,12.9
ACC00166,67,8.1326,0.420628,False,,37.3,10.4,10.4
ACC00167,125,3.9126,0.864922,False,,31.2,20.8,14.4
ACC00168,97,5.5228,0.70051,False,,35.1,14.4,15.5
ACC00169,73,4.1094,0.847121,False,,34.2,13.7,11.0
ACC00170,104,8.2643,0.408085,False,,31.7,23.1,9.6
ACC00171,96,5.2533,0.730192,False,,25.0,20.8,12.5
ACC00172,59,6.2433,0.619999,False,,37.3,18.6,15.3
ACC00173,80,8.5006,0.386161,False,,41.2,15.0,8.8
ACC00174,77,7.3877,0.495441,False,,32.5,26.0,10.4
ACC00175,104,4.1755,0.840956,False,,27.9,21.2,9.6
ACC00176,68,8.0305,0.430492,False,,22.1,22.1,7.4
ACC00177,98,4.3313,0.826059,False,,29.6,15.3,15.3
ACC00178,58,9.4773,0.303647,False,,36.2,15.5,3.4
ACC00179,89,12.9238,0.114497,False,,38.2,12.4,10.1
ACC00180,71,11.8366,0.158643,False,,32.4,26.8,4.2
ACC00181,99,5.2043,0.735534,False,,32.3,22.2,10.1
ACC00182,78,12.5505,0.128282,False,,28.2,14.1,19.2
ACC00183,96,4.7,0.789103,False,,26.0,19.8,12.5
ACC00184,74,10.535,0.229466,False,,35.1,9.5,9.5
ACC00185,66,4.8121,0.777461,False,,30.3,18.2,10.6
ACC00186,61,6.6797,0.571547,False,,29.5,13.1,16.4
ACC00187,85,4.4536,0.814057,False,,38.8,15.3,9.4
ACC00188,88,2.8733,0.942056,False,,30.7,18.2,12.5
ACC00189,78,10.7143,0.218416,False,,35.9,19.2,14.1
ACC00190,81,11.4745,0.176234,False,,39.5,18.5,16.0
ACC00191,63,3.4446,0.903444,False,,27.0,23.8,9.5
ACC00192,53,6.6331,0.576682,False,,34.0,20.8,15.1
ACC00193,80,8.7493,0.363883,False,,27.5,22.5,12.5
ACC00194,117,16.0002,0.042377,True,,34.2,11.1,9.4
ACC00195,93,8.8181,0.357869,False,,34.4,20.4,11.8
ACC00196,90,14.3922,0.072099,False,,33.3,20.0,7.8
ACC00197,80,4.7134,0.787718,False,,35.0,15.0,10.0
ACC00198,64,8.5486,0.38179,False,,26.6,26.6,18.8
ACC00199,81,7.4744,0.486413,False,,34.6,12.3,14.8
ACC00200,42,7.4087,0.493248,False,,26.2,21.4,7.1
ACC00201,79,6.1396,0.631595,False,,35.4,15.2,13.9
ACC00202,42,6.5301,0.588069,False,,38.1,14.3,4.8
ACC00203,93,4.2765,0.831355,False,,32.3,16.1,14.0
ACC00204,66,2.83,0.944566,False,,37.9,12.1,12.1
ACC00205,42,5.6134,0.690447,False,,26.2,11.9,9.5
ACC00206,55,8.1676,0.417272,False,,21.8,20.0,14.5
ACC00207,74,18.4341,0.018198,True,,24.3,9.5,12.2
ACC00208,51,9.2018,0.325564,False,,21.6,23.5,11.8
ACC00209,122,3.0009,0.934304,False,,31.1,16.4,13.9
ACC00210,65,14.6673,0.065946,False,,21.5,13.8,9.2
ACC00211,45,4.5476,0.80465,False,,22.2,17.8,13.3
ACC00212,92,7.0083,0.535737,False,,38.0,10.9,13.0
ACC00213,96,6.3386,0.609363,False,,30.2,18.8,11.5
ACC00214,97,2.6485,0.954445,False,,30.9,15.5,15.5
ACC00215,105,7.1105,0.524758,False,,36.2,11.4,9.5
ACC00216,97,3.3388,0.911336,False,,33.0,18.6,11.3
ACC00217,82,14.1014,0.07916,False,,42.7,12.2,8.5
ACC00218,53,2.1653,0.975519,False,,34.0,18.9,9.4
ACC00219,112,7.8263,0.450623,False,,37.5,16.1,9.8
ACC00220,79,4.161,0.842316,False,,27.8,16.5,8.9
ACC00221,60,5.9634,0.651337,False,,31.7,15.0,6.7
ACC00222,102,15.4684,0.050653,False,,46.1,15.7,9.8
ACC00223,67,2.8975,0.940627,False,,23.9,16.4,14.9
ACC00224,86,10.73,0.217471,False,,30.2,10.5,22.1
ACC00225,90,18.3601,0.018683,True,,36.7,15.6,4.4
ACC00226,64,10.7967,0.213489,False,,29.7,31.2,10.9
ACC00227,97,2.0654,0.978941,False,,35.1,17.5,12.4
ACC00228,73,4.1616,0.842253,False,,28.8,17.8,11.0
ACC00229,77,9.0001,0.342284,False,,27.3,16.9,10.4
ACC00230,45,3.7631,0.87784,False,,33.3,22.2,11.1
ACC00231,92,18.0824,0.020617,True,,37.0,7.6,18.5
ACC00232,95,5.7775,0.67214,False,,33.7,14.7,14.7
ACC00233,84,3.7485,0.879072,False,,28.6,14.3,14.3
ACC00234,87,8.1457,0.419371,False,,41.4,18.4,12.6
ACC00235,55,10.8593,0.209799,False,,16.4,21.8,9.1
ACC00236,84,15.6235,0.048097,True,,28.6,26.2,3.6
ACC00237,79,6.2267,0.621857,False,,40.5,15.2,12.7
ACC00238,71,2.2135,0.973756,False,,31.0,18.3,14.1
ACC00239,77,12.0698,0.148116,False,,31.2,14.3,10.4
ACC00240,72,8.7531,0.363548,False,,37.5,25.0,13.9
ACC00241,84,10.9604,0.20395,False,,36.9,19.0,3.6
ACC00242,82,6.8031,0.558019,False,,40.2,15.9,13.4
ACC00243,68,15.5124,0.049915,True,,23.5,17.6,10.3
ACC00244,81,4.1159,0.846516,False,,33.3,18.5,13.6
ACC00245,93,6.435,0.598625,False,,30.1,24.7,12.9
ACC00246,60,2.902,0.940354,False,,31.7,16.7,13.3
ACC00247,63,10.5683,0.22738,False,,39.7,14.3,6.3
ACC00248,69,6.1271,0.632995,False,,37.7,18.8,11.6
ACC00249,64,6.7519,0.563618,False,,21.9,20.3,9.4
ACC00250,62,7.4175,0.492326,False,,35.5,8.1,17.7
ACC00251,67,9.1317,0.331305,False,,26.9,17.9,10.4
ACC00252,85,7.6046,0.473016,False,,27.1,22.4,10.6
ACC00253,71,9.041,0.338846,False,,25.4,14.1,16.9
ACC00254,51,6.2994,0.613729,False,,27.5,19.6,17.6
ACC00255,96,9.1773,0.32756,False,,29.2,20.8,14.6
ACC00256,74,6.0208,0.644905,False,,29.7,17.6,9.5
ACC00257,115,16.5321,0.035367,True,,39.1,13.9,8.7
ACC00258,41,7.764,0.456854,False,,39.0,26.8,2.4
ACC00259,66,8.3794,0.397317,False,,27.3,21.2,18.2
ACC00260,87,6.3563,0.607392,False,,34.5,16.1,10.3
ACC00261,74,7.1889,0.516401,False,,33.8,16.2,14.9
ACC00262,64,7.3704,0.497243,False,,32.8,18.8,12.5
ACC00263,78,12.6266,0.125359,False,,20.5,12.8,16.7
ACC00264,107,3.5487,0.895379,False,,30.8,20.6,14.0
ACC00265,79,7.5802,0.475512,False,,35.4,15.2,12.7
ACC00266,77,14.115,0.078817,False,,44.2,20.8,2.6
ACC00267,71,6.8741,0.550271,False,,26.8,14.1,8.5
ACC00268,46,6.1781,0.627288,False,,30.4,15.2,6.5
ACC00269,64,6.5915,0.581275,False,,21.9,15.6,17.2
ACC00270,89,2.0283,0.980131,False,,31.5,18.0,9.0
ACC00271,101,9.4034,0.309419,False,,36.6,21.8,9.9
ACC00272,101,7.024,0.534043,False,,28.7,19.8,10.9
ACC00273,84,1.779,0.987054,False,,28.6,19.0,11.9
ACC00274,65,3.7951,0.875124,False,,32.3,16.9,10.8
ACC00275,68,6.1989,0.624966,False,,32.4,16.2,13.2
ACC00276,91,9.4421,0.306386,False,,37.4,16.5,5.5
ACC00277,75,7.2522,0.509688,False,,26.7,10.7,9.3
ACC00278,81,12.3991,0.134267,False,,30.9,9.9,11.1
ACC00279,86,19.4146,0.012793,True,,19.8,22.1,9.3
ACC00280,81,6.3917,0.603445,False,,32.1,19.8,16.0
ACC00281,76,7.6338,0.470035,False,,31.6,14.5,9.2
ACC00282,62,10.1547,0.254334,False,,33.9,12.9,8.1
ACC00283,71,7.7065,0.462649,False,,25.4,15.5,9.9
ACC00284,79,15.3689,0.052357,False,,29.1,12.7,17.7
ACC00285,44,5.3744,0.716914,False,,29.5,18.2,13.6
ACC00286,90,8.7413,0.364588,False,,21.1,17.8,20.0
ACC00287,99,12.4123,0.133736,False,,25.3,25.3,6.1
ACC00288,93,11.9816,0.152027,False,,38.7,12.9,11.8
ACC00289,82,9.656,0.290005,False,,20.7,17.1,20.7
ACC00290,59,4.7572,0.783188,False,,27.1,13.6,11.9
ACC00291,107,11.7533,0.162553,False,,29.0,19.6,11.2
ACC00292,60,4.6244,0.796866,False,,28.3,16.7,10.0
ACC00293,96,6.5228,0.588882,False,,26.0,11.5,16.7
ACC00294,95,6.2467,0.619619,False,,29.5,18.9,14.7
ACC00295,90,7.6419,0.469207,False,,27.8,15.6,11.1
ACC00296,74,8.0777,0.425913,False,,41.9,17.6,5.4
ACC00297,106,8.8893,0.351722,False,,22.6,17.0,17.0
ACC00298,65,5.5349,0.699168,False,,29.2,24.6,12.3
ACC00299,38,6.4282,0.59938,False,,26.3,23.7,10.5
ACC00300,47,9.2156,0.324437,False,,31.9,17.0,14.9
ACC00301,51,3.7029,0.882885,False,,23.5,19.6,9.8
ACC00302,122,11.7306,0.163634,False,,24.6,22.1,11.5
ACC00303,80,7.186,0.5167,False,,38.8,18.8,10.0
ACC00304,22,12.8369,0.117587,False,,27.3,9.1,22.7
ACC00305,68,2.6949,0.952024,False,,33.8,20.6,13.2
ACC00306,65,5.5729,0.694947,False,,32.3,20.0,10.8
ACC00307,62,9.3159,0.316353,False,,21.0,14.5,11.3
ACC00308,57,19.757,0.011296,True,,29.8,8.8,3.5
ACC00309,59,3.1852,0.922201,False,,28.8,15.3,8.5
ACC00310,80,11.2985,0.185353,False,,28.7,18.8,10.0
ACC00311,106,11.5634,0.171774,False,,35.8,15.1,14.2
ACC00312,73,14.4758,0.070177,False,,35.6,17.8,4.1
ACC00313,117,6.3634,0.606599,False,,29.1,18.8,17.9
ACC00314,79,2.2214,0.973462,False,,30.4,20.3,8.9
ACC00315,113,10.3562,0.240912,False,,30.1,16.8,11.5
ACC00316,116,3.1559,0.924199,False,,31.0,22.4,11.2
ACC00317,61,10.6072,0.224966,False,,39.3,16.4,13.1
ACC00318,64,9.7215,0.285117,False,,34.4,14.1,9.4
ACC00319,71,6.0421,0.642514,False,,25.4,23.9,14.1
ACC00320,75,13.0008,0.111821,False,,30.7,26.7,10.7
ACC00321,40,11.0757,0.197445,False,,27.5,22.5,10.0
ACC00322,66,4.4813,0.811301,False,,30.3,18.2,9.1
ACC00323,107,5.5201,0.700811,False,,35.5,17.8,15.0
ACC00324,86,11.751,0.162666,False,,36.0,23.3,15.1
ACC00325,70,10.5526,0.228358,False,,22.9,17.1,14.3
ACC00326,97,10.7822,0.214348,False,,34.0,10.3,20.6
ACC00327,83,6.7799,0.560557,False,,27.7,19.3,9.6
ACC00328,92,4.6439,0.794866,False,,30.4,21.7,10.9
ACC00329,121,12.7565,0.120508,False,,31.4,21.5,11.6
ACC00330,50,7.9421,0.439148,False,,20.0,22.0,22.0
ACC00331,79,11.2635,0.187209,False,,24.1,27.8,7.6
ACC00332,80,15.841,0.044713,True,,35.0,10.0,7.5
ACC00333,63,7.7182,0.46147,False,,33.3,15.9,6.3
ACC00334,85,7.4953,0.484253,False,,37.6,16.5,14.1
ACC00335,77,3.8858,0.867278,False,,31.2,13.0,11.7
ACC00336,52,13.1442,0.106984,False,,44.2,11.5,7.7
ACC00337,81,7.8216,0.45109,False,,35.8,11.1,16.0
ACC00338,96,7.6562,0.467755,False,,29.2,20.8,8.3
ACC00339,82,10.3707,0.239962,False,,35.4,17.1,4.9
ACC00340,66,5.1143,0.745293,False,,33.3,18.2,16.7
ACC00341,115,4.119,0.846227,False,,33.0,19.1,11.3
ACC00342,77,15.494,0.050223,False,,28.6,22.1,11.7
ACC00343,93,5.028,0.754574,False,,25.8,21.5,18.3
ACC00344,59,10.6556,0.221985,False,,33.9,8.5,11.9
ACC00345,67,12.7449,0.120933,False,,31.3,28.4,6.0
ACC00346,98,10.3527,0.241136,False,,30.6,16.3,10.2
ACC00347,100,9.7227,0.285031,False,,33.0,14.0,11.0
ACC00348,60,13.725,0.08922,False,,28.3,15.0,8.3
ACC00349,95,6.0685,0.639555,False,,37.9,14.7,15.8
ACC00350,108,5.4077,0.713238,False,,31.5,17.6,14.8
ACC00351,86,9.4756,0.303779,False,,29.1,19.8,8.1
ACC00352,92,7.0144,0.535084,False,,29.3,15.2,12.0
ACC00353,89,2.2674,0.971699,False,,32.6,16.9,12.4
ACC00354,73,5.1068,0.746101,False,,37.0,17.8,8.2
ACC00355,83,19.7009,0.011529,True,,27.7,16.9,9.6
ACC00356,76,8.6976,0.368446,False,,30.3,22.4,9.2
ACC00357,80,3.3676,0.909216,False,,31.2,17.5,13.8
ACC00358,102,6.2046,0.624323,False,,29.4,18.6,14.7
ACC00359,102,10.8489,0.210408,False,,32.4,25.5,9.8
ACC00360,74,4.158,0.842592,False,,27.0,23.0,13.5
ACC00361,95,3.8502,0.87038,False,,31.6,15.8,12.6
ACC00362,81,16.094,0.041055,True,,34.6,24.7,8.6
ACC00363,67,5.736,0.676774,False,,26.9,23.9,13.4
ACC00364,38,4.2459,0.834284,False,,31.6,13.2,13.2
ACC00365,32,4.4655,0.812878,False,,28.1,28.1,15.6
ACC00366,95,7.1578,0.519706,False,,35.8,15.8,14.7
ACC00367,54,7.6279,0.470636,False,,37.0,20.4,9.3
ACC00368,47,5.7931,0.670394,False,,29.8,14.9,21.3
ACC00369,99,4.1943,0.839184,False,,30.3,19.2,10.1
ACC00370,55,11.8684,0.157174,False,,43.6,9.1,18.2
ACC00371,70,4.5452,0.804899,False,,35.7,18.6,12.9
ACC00372,41,16.0226,0.042057,True,,19.5,26.8,7.3
ACC00373,55,9.7875,0.280258,False,,34.5,14.5,5.5
ACC00374,73,8.1787,0.416207,False,,32.9,17.8,13.7
ACC00375,66,3.5791,0.892966,False,,30.3,19.7,9.1
ACC00376,68,5.9488,0.652971,False,,29.4,22.1,11.8
ACC00377,88,8.3177,0.403072,False,,28.4,22.7,13.6
ACC00378,67,3.1989,0.921261,False,,26.9,19.4,13.4
ACC00379,58,14.842,0.062291,False,,31.0,10.3,6.9
ACC00380,95,4.1104,0.847028,False,,35.8,14.7,11.6
ACC00381,86,7.3302,0.501464,False,,36.0,23.3,10.5
ACC00382,31,6.603,0.580002,False,,25.8,6.5,19.4
ACC00383,53,6.4476,0.597227,False,,34.0,20.8,15.1
ACC00384,80,13.444,0.097459,False,,31.2,21.2,11.2
ACC00385,57,6.4372,0.598385,False,,31.6,24.6,10.5
ACC00386,67,7.1162,0.524144,False,,31.3,14.9,14.9
ACC00387,82,4.9813,0.759569,False,,32.9,23.2,8.5
ACC00388,95,8.8502,0.355087,False,,25.3,16.8,20.0
ACC00389,64,12.2738,0.139399,False,,31.2,31.2,6.2
ACC00390,57,9.242,0.322293,False,,36.8,19.3,14.0
ACC00391,74,13.558,0.09404,False,,41.9,17.6,8.1
ACC00392,79,14.158,0.077738,False,,35.4,13.9,11.4
ACC00393,39,18.0038,0.021198,True,,30.8,20.5,12.8
ACC00394,99,1.6919,0.989045,False,,33.3,16.2,9.1
ACC00395,82,5.895,0.658991,False,,28.0,23.2,9.8
ACC00396,105,5.7918,0.670539,False,,25.7,19.0,11.4
ACC00397,82,4.6846,0.790692,False,,39.0,15.9,13.4
ACC00398,51,8.2632,0.408189,False,,21.6,17.6,17.6
ACC00399,72,12.0769,0.147808,False,,36.1,12.5,8.3
ACC00400,79,7.6114,0.47232,False,,32.9,16.5,11.4
ACC00401,76,5.2514,0.730402,False,,40.8,14.5,9.2
ACC00402,102,4.4363,0.815774,False,,29.4,23.5,9.8
ACC00403,66,8.678,0.370188,False,,31.8,19.7,3.0
ACC00404,75,12.7467,0.120867,False,,21.3,21.3,9.3
ACC00405,94,6.5914,0.581284,False,,36.2,17.0,13.8
ACC00406,84,14.4801,0.070079,False,,35.7,23.8,2.4
ACC00407,89,6.7167,0.567482,False,,37.1,19.1,7.9
ACC00408,41,6.2185,0.622773,False,,36.6,7.3,9.8
ACC00409,63,7.6027,0.473211,False,,36.5,11.1,19.0
ACC00410,81,7.2482,0.510101,False,,39.5,16.0,14.8
ACC00411,50,4.2975,0.82933,False,,20.0,24.0,14.0
ACC00412,53,3.3947,0.907203,False,,28.3,20.8,15.1
ACC00413,90,6.3624,0.606706,False,,23.3,25.6,15.6
ACC00414,84,6.3827,0.604445,False,,32.1,19.0,17.9
ACC00415,47,5.0757,0.749453,False,,25.5,14.9,8.5
ACC00416,81,5.7948,0.670207,False,,32.1,13.6,13.6
ACC00417,75,10.9656,0.203657,False,,28.0,21.3,10.7
ACC00418,66,18.4532,0.018074,True,,40.9,28.8,1.5
ACC00419,57,9.8378,0.276596,False,,33.3,26.3,10.5
ACC00420,55,8.2048,0.413729,False,,29.1,14.5,20.0
ACC00421,94,6.1376,0.631822,False,,31.9,19.1,9.6
ACC00422,64,8.4893,0.387189,False,,29.7,12.5,7.8
ACC00423,55,10.0549,0.261191,False,,30.9,20.0,7.3
ACC00424,54,10.2497,0.247938,False,,22.2,20.4,14.8
ACC00425,100,4.3292,0.826273,False,,30.0,18.0,9.0
ACC00426,79,5.0724,0.749811,False,,29.1,15.2,13.9
ACC00427,91,4.3702,0.822279,False,,33.0,18.7,9.9
ACC00428,94,5.1894,0.737149,False,,31.9,17.0,12.8
ACC00429,61,12.5747,0.127343,False,,21.3,16.4,11.5
ACC00430,25,4.8441,0.774105,False,,40.0,12.0,8.0
ACC00431,47,12.3621,0.135764,False,,25.5,21.3,14.9
ACC00432,75,10.5499,0.228528,False,,36.0,21.3,14.7
ACC00433,94,7.5195,0.481753,False,,31.9,11.7,16.0
ACC00434,65,10.9087,0.206926,False,,27.7,21.5,9.2
ACC00435,55,7.8598,0.447284,False,,40.0,16.4,10.9
ACC00436,109,11.5605,0.171915,False,,22.9,23.9,13.8
ACC00437,68,8.8391,0.35605,False,,30.9,20.6,19.1
ACC00438,59,4.3159,0.827559,False,,35.6,18.6,6.8
ACC00439,84,7.5067,0.48308,False,,23.8,16.7,13.1
ACC00440,114,5.7833,0.671489,False,,28.1,16.7,14.0
ACC00441,64,4.3904,0.820292,False,,20.3,21.9,17.2
ACC00442,76,17.2282,0.027819,True,,36.8,9.2,7.9
ACC00443,125,5.4996,0.703083,False,,35.2,16.8,8.0
ACC00444,68,4.3887,0.820463,False,,27.9,20.6,11.8
ACC00445,91,17.4287,0.025942,True,,27.5,13.2,12.1
ACC00446,81,11.9604,0.152982,False,,30.9,14.8,14.8
ACC00447,101,3.3446,0.910907,False,,32.7,14.9,12.9
ACC00448,120,4.8563,0.772821,False,,33.3,16.7,10.8
ACC00449,42,7.0437,0.531924,False,,28.6,7.1,11.9
ACC00450,101,2.7055,0.951461,False,,31.7,21.8,11.9
ACC00451,104,8.9588,0.345782,False,,38.5,8.7,11.5
ACC00452,110,4.2008,0.838567,False,,33.6,15.5,10.9
ACC00453,82,9.5366,0.299069,False,,26.8,18.3,8.5
ACC00454,83,7.5095,0.482788,False,,32.5,19.3,8.4
ACC00455,75,6.0178,0.645239,False,,32.0,22.7,12.0
ACC00456,47,3.922,0.864089,False,,29.8,17.0,12.8
ACC00457,100,6.707,0.568544,False,,31.0,13.0,14.0
ACC00458,89,10.5419,0.229029,False,,42.7,14.6,11.2
ACC00459,97,5.4281,0.710994,False,,36.1,17.5,13.4
ACC00460,76,3.49,0.899963,False,,30.3,18.4,10.5
ACC00461,59,16.8421,0.031796,True,,28.8,35.6,8.5
ACC00462,41,8.4307,0.39257,False,,43.9,17.1,14.6
ACC00463,62,5.305,0.724539,False,,38.7,14.5,12.9
ACC00464,59,13.1199,0.10779,False,,18.6,15.3,16.9
ACC00465,78,11.3802,0.181071,False,,42.3,11.5,15.4
ACC00466,104,6.3587,0.60712,False,,25.0,22.1,10.6
ACC00467,59,3.6928,0.883722,False,,32.2,15.3,11.9
ACC00468,103,16.5853,0.034729,True,,27.2,23.3,11.7
ACC00469,86,6.328,0.610545,False,,37.2,16.3,11.6
ACC00470,84,5.1484,0.741609,False,,34.5,15.5,11.9
ACC00471,64,8.2585,0.408635,False,,43.8,12.5,10.9
ACC00472,97,11.2508,0.187892,False,,23.7,25.8,14.4
ACC00473,77,6.3444,0.608719,False,,28.6,19.5,10.4
ACC00474,105,13.7748,0.087826,False,,32.4,20.0,5.7
ACC00475,48,4.0203,0.855285,False,,22.9,16.7,14.6
ACC00476,77,16.8688,0.031504,True,,23.4,20.8,14.3
ACC00477,81,5.0667,0.750427,False,,27.2,18.5,18.5
ACC00478,95,11.6518,0.167431,False,,42.1,16.8,8.4
ACC00479,60,5.1099,0.745769,False,,30.0,18.3,13.3
ACC00480,49,9.9898,0.265742,False,,22.4,16.3,12.2
ACC00481,121,14.6854,0.065559,False,,31.4,9.1,17.4
ACC00482,85,13.2995,0.101952,False,,37.6,15.3,9.4
ACC00483,115,22.1791,0.004595,True,,25.2,32.2,10.4
ACC00484,106,18.0488,0.020864,True,,30.2,15.1,6.6
ACC00485,107,4.4936,0.810069,False,,36.4,15.0,8.4
ACC00486,152,8.3032,0.404423,False,,32.9,18.4,11.8
ACC00487,117,9.8957,0.272424,False,,33.3,17.1,9.4
ACC00488,90,11.6777,0.166172,False,,26.7,17.8,8.9
ACC00489,138,17.4074,0.026136,True,,34.1,23.9,9.4
ACC00490,117,7.7838,0.454867,False,,35.0,13.7,13.7
ACC00491,88,12.2095,0.142097,False,,35.2,17.0,10.2
ACC00492,97,16.2963,0.03833,True,,28.9,27.8,13.4
ACC00493,120,12.0011,0.151153,False,,34.2,17.5,9.2
ACC00494,55,12.0706,0.14808,False,,25.5,21.8,7.3
ACC00495,106,18.6991,0.016554,True,,36.8,29.2,9.4
ACC00496,134,7.4305,0.49097,False,,37.3,15.7,9.7
ACC00497,81,7.9783,0.435597,False,,35.8,18.5,9.9
ACC00498,146,27.8476,0.000504,True,,28.1,32.2,6.8
ACC00499,98,7.9795,0.435479,False,,32.7,10.2,9.2
ACC00500,85,6.0129,0.645783,False,,36.5,16.5,8.2
ACC00501,1,,,False,too_few_transactions,,,
ACC00502,1,,,False,too_few_transactions,,,
ACC00503,2,,,False,too_few_transactions,,,
ACC00504,16,9.2646,0.320469,False,low_sample_size,43.8,18.8,6.2
ACC00505,40,15.566,0.049031,True,,27.5,12.5,27.5
ACC00506,41,26.6531,0.000811,True,,26.8,22.0,22.0
ACC00507,2,,,False,too_few_transactions,,,
ACC00508,22,11.4703,0.17645,False,,18.2,13.6,13.6
ACC00509,19,17.0471,0.029622,False,low_sample_size,10.5,26.3,31.6
ACC00510,1,,,False,too_few_transactions,,,
ACC00511,39,12.6178,0.125695,False,,20.5,20.5,25.6
ACC00513,24,13.2225,0.104419,False,,16.7,12.5,33.3
ACC00514,2,,,False,too_few_transactions,,,
ACC00515,31,12.5684,0.127589,False,,12.9,12.9,29.0
ACC00516,2,,,False,too_few_transactions,,,
ACC00517,35,7.0048,0.536118,False,,40.0,8.6,17.1
ACC00518,38,22.1572,0.004633,True,,15.8,21.1,26.3
ACC00519,29,18.9147,0.015323,True,,24.1,17.2,24.1
ACC00520,33,19.6243,0.011855,True,,24.2,15.2,36.4
ACC00521,2,,,False,too_few_transactions,,,
ACC00522,1,,,False,too_few_transactions,,,
ACC00523,26,8.7495,0.363868,False,,23.1,26.9,15.4
ACC00524,2,,,False,too_few_transactions,,,
ACC00525,1,,,False,too_few_transactions,,,
ACC00526,36,10.2693,0.246634,False,,25.0,27.8,13.9
ACC00527,2,,,False,too_few_transactions,,,
ACC00528,2,,,False,too_few_transactions,,,
ACC00529,38,11.5275,0.173561,False,,23.7,13.2,23.7
ACC00530,16,24.5699,0.001838,False,low_sample_size,25.0,6.2,18.8
ACC00532,27,6.1568,0.62967,False,,18.5,18.5,22.2
ACC00533,17,8.3626,0.398874,False,low_sample_size,11.8,23.5,17.6
ACC00534,31,32.8856,6.5e-05,True,,22.6,3.2,22.6
ACC00535,25,17.253,0.02758,True,,28.0,16.0,8.0
ACC00536,1,,,False,too_few_transactions,,,
ACC00537,1,,,False,too_few_transactions,,,
ACC00538,32,14.3387,0.073353,False,,31.2,21.9,12.5
ACC00539,2,,,False,too_few_transactions,,,
ACC00540,2,,,False,too_few_transactions,,,
ACC00541,2,,,False,too_few_transactions,,,
ACC00542,2,,,False,too_few_transactions,,,
ACC00543,19,21.4156,0.006122,False,low_sample_size,26.3,5.3,31.6
ACC00544,40,9.8797,0.273574,False,,20.0,22.5,15.0
ACC00545,38,11.6385,0.168077,False,,23.7,13.2,26.3
ACC00546,2,,,False,too_few_transactions,,,
ACC00547,22,13.4656,0.096803,False,,13.6,13.6,22.7
ACC00548,25,14.8951,0.061219,False,,12.0,36.0,20.0
ACC00549,2,,,False,too_few_transactions,,,
ACC00550,38,26.5936,0.000831,True,,13.2,26.3,18.4
