account_id,community_id
ACC00482,1
ACC00006,1
ACC00009,1
ACC00037,1
ACC00070,1
ACC00071,1
ACC00085,1
ACC00105,1
ACC00116,1
ACC00120,1
ACC00179,0
ACC00198,1
ACC00202,1
ACC00227,1
ACC00245,1
ACC00246,1
ACC00271,9
ACC00321,1
ACC00347,1
ACC00380,1
ACC00401,1
ACC00486,1
ACC00489,1
ACC00511,2
ACC00013,1
ACC00005,1
ACC00023,1
ACC00040,1
ACC00046,1
ACC00073,1
ACC00074,1
ACC00079,1
ACC00092,1
ACC00097,1
ACC00098,1
ACC00156,1
ACC00192,1
ACC00213,1
ACC00217,1
ACC00241,1
ACC00282,1
ACC00302,1
ACC00325,1
ACC00362,1
ACC00385,1
ACC00403,1
ACC00406,1
ACC00432,1
ACC00499,1
ACC00500,1
ACC00529,1
ACC00012,1
ACC00096,1
ACC00115,0
ACC00215,1
ACC00219,1
ACC00243,1
ACC00255,1
ACC00256,2
ACC00259,1
ACC00273,1
ACC00280,1
ACC00306,1
ACC00312,1
ACC00319,1
ACC00322,1
ACC00348,1
ACC00440,1
ACC00456,1
ACC00466,1
ACC00468,1
ACC00519,2
ACC00007,1
ACC00001,1
ACC00017,1
ACC00076,1
ACC00080,1
ACC00102,1
ACC00127,1
ACC00185,1
ACC00186,1
ACC00222,1
ACC00254,1
ACC00297,1
ACC00318,1
ACC00350,1
ACC00358,1
ACC00381,1
ACC00409,1
ACC00421,1
ACC00488,1
ACC00544,0
ACC00426,1
ACC00002,1
ACC00018,1
ACC00047,1
ACC00089,1
ACC00129,1
ACC00214,1
ACC00307,1
ACC00371,1
ACC00377,1
ACC00434,1
ACC00438,1
ACC00448,1
ACC00473,0
ACC00490,1
ACC00498,1
ACC00532,1
ACC00545,1
ACC00228,1
ACC00109,1
ACC00124,1
ACC00187,1
ACC00189,1
ACC00226,1
ACC00283,1
ACC00304,1
ACC00314,1
ACC00389,1
ACC00428,1
ACC00449,1
ACC00484,1
ACC00491,1
ACC00538,2
ACC00036,1
ACC00008,0
ACC00021,1
ACC00072,1
ACC00130,1
ACC00145,1
ACC00168,1
ACC00174,2
ACC00231,1
ACC00232,1
ACC00277,1
ACC00292,1
ACC00339,1
ACC00369,1
ACC00370,1
ACC00388,1
ACC00407,1
ACC00480,1
ACC00497,1
ACC00014,1
ACC00057,1
ACC00093,1
ACC00162,1
ACC00264,1
ACC00317,1
ACC00332,1
ACC00346,1
ACC00353,1
ACC00414,7
ACC00461,1
ACC00003,1
ACC00081,1
ACC00133,1
ACC00173,1
ACC00237,1
ACC00247,1
ACC00289,1
ACC00344,1
ACC00349,1
ACC00366,1
ACC00372,1
ACC00373,1
ACC00425,1
ACC00437,1
ACC00446,1
ACC00469,1
ACC00470,1
ACC00146,1
ACC00010,1
ACC00027,1
ACC00065,1
ACC00084,1
ACC00132,1
ACC00225,1
ACC00230,1
ACC00236,1
ACC00244,1
ACC00248,1
ACC00267,1
ACC00298,1
ACC00300,1
ACC00313,1
ACC00328,1
ACC00354,1
ACC00355,1
ACC00416,1
ACC00474,1
ACC00477,1
ACC00483,1
ACC00308,1
ACC00026,1
ACC00029,1
ACC00066,1
ACC00086,1
ACC00143,1
ACC00212,1
ACC00223,1
ACC00327,1
ACC00334,1
ACC00360,1
ACC00367,1
ACC00379,1
ACC00457,1
ACC00487,1
ACC00494,1
ACC00517,1
ACC00063,1
ACC00099,1
ACC00137,1
ACC00144,1
ACC00154,1
ACC00165,1
ACC00204,1
ACC00257,1
ACC00340,1
ACC00396,1
ACC00450,1
ACC00479,1
ACC00505,1
ACC00159,1
ACC00188,1
ACC00190,1
ACC00281,1
ACC00295,1
ACC00335,1
ACC00378,1
ACC00404,1
ACC00443,1
ACC00451,1
ACC00475,1
ACC00493,1
ACC00520,0
ACC00543,1
ACC00045,1
ACC00049,1
ACC00087,1
ACC00113,1
ACC00119,1
ACC00125,1
ACC00208,1
ACC00242,1
ACC00326,1
ACC00405,1
ACC00436,1
ACC00444,1
ACC00478,1
ACC00550,2
ACC00050,1
ACC00054,1
ACC00103,1
ACC00151,1
ACC00193,1
ACC00233,1
ACC00305,1
ACC00315,1
ACC00336,1
ACC00365,1
ACC00386,1
ACC00430,1
ACC00506,0
ACC00515,1
ACC00239,1
ACC00287,1
ACC00324,1
ACC00382,1
ACC00395,1
ACC00410,1
ACC00418,1
ACC00420,1
ACC00435,1
ACC00441,1
ACC00513,1
ACC00526,1
ACC00015,1
ACC00016,3
ACC00059,1
ACC00194,1
ACC00201,1
ACC00235,1
ACC00263,1
ACC00342,1
ACC00361,2
ACC00374,1
ACC00400,1
ACC00471,1
ACC00496,1
ACC00534,1
ACC00019,1
ACC00042,1
ACC00062,1
ACC00101,1
ACC00114,1
ACC00147,1
ACC00152,1
ACC00157,1
ACC00167,1
ACC00177,1
ACC00220,1
ACC00291,1
ACC00368,1
ACC00375,1
ACC00384,5
ACC00412,1
ACC00413,1
ACC00427,1
ACC00429,1
ACC00439,1
ACC00530,1
ACC00077,1
ACC00024,1
ACC00110,1
ACC00176,1
ACC00253,1
ACC00343,1
ACC00422,1
ACC00458,1
ACC00238,1
ACC00039,1
ACC00172,1
ACC00197,1
ACC00216,1
ACC00221,1
ACC00272,1
ACC00276,1
ACC00288,1
ACC00310,1
ACC00337,1
ACC00383,1
ACC00393,2
ACC00394,1
ACC00431,0
ACC00476,1
ACC00138,1
ACC00164,1
ACC00250,1
ACC00345,1
ACC00359,5
ACC00390,1
ACC00399,1
ACC00055,1
ACC00064,1
ACC00149,1
ACC00206,1
ACC00261,6
ACC00341,1
ACC00454,1
ACC00547,1
ACC00011,1
ACC00118,1
ACC00175,1
ACC00258,1
ACC00260,1
ACC00265,1
ACC00284,1
ACC00303,1
ACC00316,1
ACC00391,1
ACC00445,1
ACC00453,1
ACC00020,1
ACC00032,1
ACC00088,1
ACC00153,1
ACC00229,1
ACC00363,1
ACC00408,1
ACC00459,1
ACC00508,1
ACC00270,1
ACC00135,1
ACC00184,1
ACC00320,1
ACC00034,1
ACC00126,1
ACC00252,1
ACC00331,1
ACC00424,1
ACC00038,1
ACC00056,1
ACC00148,1
ACC00169,1
ACC00286,1
ACC00376,1
ACC00048,1
ACC00262,1
ACC00269,1
ACC00329,1
ACC00495,1
ACC00548,1
ACC00485,1
ACC00523,1
ACC00240,3
ACC00090,1
ACC00182,1
ACC00299,1
ACC00352,1
ACC00364,1
ACC00069,1
ACC00196,1
ACC00301,1
ACC00356,1
ACC00481,1
ACC00542,8
ACC00539,8
ACC00541,9
ACC00501,9
ACC00210,1
ACC00323,1
ACC00333,2
ACC00533,1
ACC00535,1
ACC00106,1
ACC00111,1
ACC00142,1
ACC00171,1
ACC00207,1
ACC00398,1
ACC00028,1
ACC00067,1
ACC00108,1
ACC00158,1
ACC00166,1
ACC00200,1
ACC00266,1
ACC00268,1
ACC00514,5
ACC00524,5
ACC00004,1
ACC00134,1
ACC00249,1
ACC00387,1
ACC00423,1
ACC00492,1
ACC00224,1
ACC00022,1
ACC00294,1
ACC00311,8
ACC00402,1
ACC00455,1
ACC00051,1
ACC00163,1
ACC00060,1
ACC00068,1
ACC00104,1
ACC00251,1
ACC00290,1
ACC00293,1
ACC00467,1
ACC00161,1
ACC00170,1
ACC00180,1
ACC00234,1
ACC00411,1
ACC00128,1
ACC00030,1
ACC00419,1
ACC00447,1
ACC00509,1
ACC00100,1
ACC00131,1
ACC00463,1
ACC00107,1
ACC00160,1
ACC00195,1
ACC00452,2
ACC00061,1
ACC00044,1
ACC00296,1
ACC00094,1
ACC00417,1
ACC00052,1
ACC00058,1
ACC00122,4
ACC00462,1
ACC00464,1
ACC00075,1
ACC00117,1
ACC00279,1
ACC00433,1
ACC00031,1
ACC00178,1
ACC00209,1
ACC00460,1
ACC00191,1
ACC00112,5
ACC00330,1
ACC00472,1
ACC00078,1
ACC00091,1
ACC00397,1
ACC00025,1
ACC00123,1
ACC00033,1
ACC00139,1
ACC00218,1
ACC00338,1
ACC00392,1
ACC00121,1
ACC00141,1
ACC00183,1
ACC00285,1
ACC00095,1
ACC00275,1
ACC00043,1
ACC00351,1
ACC00502,5
ACC00278,1
ACC00205,1
ACC00053,1
ACC00041,1
ACC00035,1
ACC00150,1
ACC00203,1
ACC00083,1
ACC00155,1
ACC00442,1
ACC00211,1
ACC00181,1
ACC00465,1
ACC00415,1
ACC00274,1
ACC00540,4
ACC00082,1
ACC00140,1
ACC00357,1
ACC00136,1
ACC00518,2
ACC00199,1
ACC00504,1
ACC00549,4
ACC00537,4
ACC00507,3
ACC00522,3
ACC00309,1
ACC00521,7
ACC00528,7
ACC00546,6
ACC00536,6
ACC00510,8
ACC00516,9
ACC00503,6
ACC00525,7
ACC00527,3
