community_id,size,members,internal_volume,avg_risk_score,max_risk_score,mule_count,mule_fraction
1,498,"ACC00001,ACC00002,ACC00003,ACC00004,ACC00005,ACC00006,ACC00007,ACC00009,ACC00010,ACC00011,ACC00012,ACC00013,ACC00014,ACC00015,ACC00017,ACC00018,ACC00019,ACC00020,ACC00021,ACC00022,ACC00023,ACC00024,ACC00025,ACC00026,ACC00027,ACC00028,ACC00029,ACC00030,ACC00031,ACC00032,ACC00033,ACC00034,ACC00035,ACC00036,ACC00037,ACC00038,ACC00039,ACC00040,ACC00041,ACC00042,ACC00043,ACC00044,ACC00045,ACC00046,ACC00047,ACC00048,ACC00049,ACC00050,ACC00051,ACC00052,ACC00053,ACC00054,ACC00055,ACC00056,ACC00057,ACC00058,ACC00059,ACC00060,ACC00061,ACC00062,ACC00063,ACC00064,ACC00065,ACC00066,ACC00067,ACC00068,ACC00069,ACC00070,ACC00071,ACC00072,ACC00073,ACC00074,ACC00075,ACC00076,ACC00077,ACC00078,ACC00079,ACC00080,ACC00081,ACC00082,ACC00083,ACC00084,ACC00085,ACC00086,ACC00087,ACC00088,ACC00089,ACC00090,ACC00091,ACC00092,ACC00093,ACC00094,ACC00095,ACC00096,ACC00097,ACC00098,ACC00099,ACC00100,ACC00101,ACC00102,ACC00103,ACC00104,ACC00105,ACC00106,ACC00107,ACC00108,ACC00109,ACC00110,ACC00111,ACC00113,ACC00114,ACC00116,ACC00117,ACC00118,ACC00119,ACC00120,ACC00121,ACC00123,ACC00124,ACC00125,ACC00126,ACC00127,ACC00128,ACC00129,ACC00130,ACC00131,ACC00132,ACC00133,ACC00134,ACC00135,ACC00136,ACC00137,ACC00138,ACC00139,ACC00140,ACC00141,ACC00142,ACC00143,ACC00144,ACC00145,ACC00146,ACC00147,ACC00148,ACC00149,ACC00150,ACC00151,ACC00152,ACC00153,ACC00154,ACC00155,ACC00156,ACC00157,ACC00158,ACC00159,ACC00160,ACC00161,ACC00162,ACC00163,ACC00164,ACC00165,ACC00166,ACC00167,ACC00168,ACC00169,ACC00170,ACC00171,ACC00172,ACC00173,ACC00175,ACC00176,ACC00177,ACC00178,ACC00180,ACC00181,ACC00182,ACC00183,ACC00184,ACC00185,ACC00186,ACC00187,ACC00188,ACC00189,ACC00190,ACC00191,ACC00192,ACC00193,ACC00194,ACC00195,ACC00196,ACC00197,ACC00198,ACC00199,ACC00200,ACC00201,ACC00202,ACC00203,ACC00204,ACC00205,ACC00206,ACC00207,ACC00208,ACC00209,ACC00210,ACC00211,ACC00212,ACC00213,ACC00214,ACC00215,ACC00216,ACC00217,ACC00218,ACC00219,ACC00220,ACC00221,ACC00222,ACC00223,ACC00224,ACC00225,ACC00226,ACC00227,ACC00228,ACC00229,ACC00230,ACC00231,ACC00232,ACC00233,ACC00234,ACC00235,ACC00236,ACC00237,ACC00238,ACC00239,ACC00241,ACC00242,ACC00243,ACC00244,ACC00245,ACC00246,ACC00247,ACC00248,ACC00249,ACC00250,ACC00251,ACC00252,ACC00253,ACC00254,ACC00255,ACC00257,ACC00258,ACC00259,ACC00260,ACC00262,ACC00263,ACC00264,ACC00265,ACC00266,ACC00267,ACC00268,ACC00269,ACC00270,ACC00272,ACC00273,ACC00274,ACC00275,ACC00276,ACC00277,ACC00278,ACC00279,ACC00280,ACC00281,ACC00282,ACC00283,ACC00284,ACC00285,ACC00286,ACC00287,ACC00288,ACC00289,ACC00290,ACC00291,ACC00292,ACC00293,ACC00294,ACC00295,ACC00296,ACC00297,ACC00298,ACC00299,ACC00300,ACC00301,ACC00302,ACC00303,ACC00304,ACC00305,ACC00306,ACC00307,ACC00308,ACC00309,ACC00310,ACC00312,ACC00313,ACC00314,ACC00315,ACC00316,ACC00317,ACC00318,ACC00319,ACC00320,ACC00321,ACC00322,ACC00323,ACC00324,ACC00325,ACC00326,ACC00327,ACC00328,ACC00329,ACC00330,ACC00331,ACC00332,ACC00334,ACC00335,ACC00336,ACC00337,ACC00338,ACC00339,ACC00340,ACC00341,ACC00342,ACC00343,ACC00344,ACC00345,ACC00346,ACC00347,ACC00348,ACC00349,ACC00350,ACC00351,ACC00352,ACC00353,ACC00354,ACC00355,ACC00356,ACC00357,ACC00358,ACC00360,ACC00362,ACC00363,ACC00364,ACC00365,ACC00366,ACC00367,ACC00368,ACC00369,ACC00370,ACC00371,ACC00372,ACC00373,ACC00374,ACC00375,ACC00376,ACC00377,ACC00378,ACC00379,ACC00380,ACC00381,ACC00382,ACC00383,ACC00385,ACC00386,ACC00387,ACC00388,ACC00389,ACC00390,ACC00391,ACC00392,ACC00394,ACC00395,ACC00396,ACC00397,ACC00398,ACC00399,ACC00400,ACC00401,ACC00402,ACC00403,ACC00404,ACC00405,ACC00406,ACC00407,ACC00408,ACC00409,ACC00410,ACC00411,ACC00412,ACC00413,ACC00415,ACC00416,ACC00417,ACC00418,ACC00419,ACC00420,ACC00421,ACC00422,ACC00423,ACC00424,ACC00425,ACC00426,ACC00427,ACC00428,ACC00429,ACC00430,ACC00432,ACC00433,ACC00434,ACC00435,ACC00436,ACC00437,ACC00438,ACC00439,ACC00440,ACC00441,ACC00442,ACC00443,ACC00444,ACC00445,ACC00446,ACC00447,ACC00448,ACC00449,ACC00450,ACC00451,ACC00453,ACC00454,ACC00455,ACC00456,ACC00457,ACC00458,ACC00459,ACC00460,ACC00461,ACC00462,ACC00463,ACC00464,ACC00465,ACC00466,ACC00467,ACC00468,ACC00469,ACC00470,ACC00471,ACC00472,ACC00474,ACC00475,ACC00476,ACC00477,ACC00478,ACC00479,ACC00480,ACC00481,ACC00482,ACC00483,ACC00484,ACC00485,ACC00486,ACC00487,ACC00488,ACC00489,ACC00490,ACC00491,ACC00492,ACC00493,ACC00494,ACC00495,ACC00496,ACC00497,ACC00498,ACC00499,ACC00500,ACC00504,ACC00505,ACC00508,ACC00509,ACC00513,ACC00515,ACC00517,ACC00523,ACC00526,ACC00529,ACC00530,ACC00532,ACC00533,ACC00534,ACC00535,ACC00543,ACC00545,ACC00547,ACC00548",38557002.8,0.4393,1.0,19,0.0382
2,11,"ACC00174,ACC00256,ACC00333,ACC00361,ACC00393,ACC00452,ACC00511,ACC00518,ACC00519,ACC00538,ACC00550",527734.86,0.7066,1.0,5,0.4545
0,8,"ACC00008,ACC00115,ACC00179,ACC00431,ACC00473,ACC00506,ACC00520,ACC00544",391411.62,0.5729,0.9798,3,0.375
5,6,"ACC00112,ACC00359,ACC00384,ACC00502,ACC00514,ACC00524",3948568.96,0.7135,1.0,3,0.5
3,5,"ACC00016,ACC00240,ACC00507,ACC00522,ACC00527",6766382.33,0.7622,1.0,3,0.6
9,4,"ACC00271,ACC00501,ACC00516,ACC00541",2969355.1,0.7945,1.0,3,0.75
7,4,"ACC00414,ACC00521,ACC00525,ACC00528",6339604.13,0.8363,1.0,3,0.75
6,4,"ACC00261,ACC00503,ACC00536,ACC00546",3707951.43,0.8294,1.0,3,0.75
8,4,"ACC00311,ACC00510,ACC00539,ACC00542",3301554.16,0.7747,1.0,3,0.75
4,4,"ACC00122,ACC00537,ACC00540,ACC00549",2353863.32,0.8284,1.0,3,0.75
