account_id,role,subtype
ACC00001,normal,salaried
ACC00002,normal,salaried
ACC00003,normal,student
ACC00004,normal,student
ACC00005,normal,small_shop_customer
ACC00006,normal,student
ACC00007,normal,small_shop_customer
ACC00008,normal,salaried
ACC00009,normal,salaried
ACC00010,normal,student
ACC00011,normal,salaried
ACC00012,normal,general
ACC00013,normal,general
ACC00014,normal,general
ACC00015,normal,salaried
ACC00016,normal,student
ACC00017,normal,student
ACC00018,normal,small_shop_customer
ACC00019,normal,student
ACC00020,normal,general
ACC00021,normal,salaried
ACC00022,normal,student
ACC00023,normal,salaried
ACC00024,normal,small_shop_customer
ACC00025,normal,small_shop_customer
ACC00026,normal,student
ACC00027,normal,student
ACC00028,normal,salaried
ACC00029,normal,student
ACC00030,normal,student
ACC00031,normal,general
ACC00032,normal,student
ACC00033,normal,general
ACC00034,normal,general
ACC00035,normal,salaried
ACC00036,normal,student
ACC00037,normal,small_shop_customer
ACC00038,normal,general
ACC00039,normal,small_shop_customer
ACC00040,normal,general
ACC00041,normal,small_shop_customer
ACC00042,normal,student
ACC00043,normal,general
ACC00044,normal,general
ACC00045,normal,student
ACC00046,normal,small_shop_customer
ACC00047,normal,salaried
ACC00048,normal,small_shop_customer
ACC00049,normal,small_shop_customer
ACC00050,normal,general
ACC00051,normal,student
ACC00052,normal,student
ACC00053,normal,small_shop_customer
ACC00054,normal,small_shop_customer
ACC00055,normal,small_shop_customer
ACC00056,normal,salaried
ACC00057,normal,small_shop_customer
ACC00058,normal,salaried
ACC00059,normal,small_shop_customer
ACC00060,normal,salaried
ACC00061,normal,small_shop_customer
ACC00062,normal,student
ACC00063,normal,small_shop_customer
ACC00064,normal,student
ACC00065,normal,student
ACC00066,normal,student
ACC00067,normal,student
ACC00068,normal,student
ACC00069,normal,small_shop_customer
ACC00070,normal,small_shop_customer
ACC00071,normal,small_shop_customer
ACC00072,normal,salaried
ACC00073,normal,small_shop_customer
ACC00074,normal,student
ACC00075,normal,small_shop_customer
ACC00076,normal,student
ACC00077,normal,small_shop_customer
ACC00078,normal,small_shop_customer
ACC00079,normal,salaried
ACC00080,normal,small_shop_customer
ACC00081,normal,student
ACC00082,normal,small_shop_customer
ACC00083,normal,salaried
ACC00084,normal,student
ACC00085,normal,student
ACC00086,normal,student
ACC00087,normal,student
ACC00088,normal,student
ACC00089,normal,salaried
ACC00090,normal,general
ACC00091,normal,general
ACC00092,normal,salaried
ACC00093,normal,salaried
ACC00094,normal,general
ACC00095,normal,general
ACC00096,normal,salaried
ACC00097,normal,general
ACC00098,normal,general
ACC00099,normal,student
ACC00100,normal,small_shop_customer
ACC00101,normal,salaried
ACC00102,normal,student
ACC00103,normal,general
ACC00104,normal,salaried
ACC00105,normal,small_shop_customer
ACC00106,normal,salaried
ACC00107,normal,general
ACC00108,normal,student
ACC00109,normal,general
ACC00110,normal,salaried
ACC00111,normal,small_shop_customer
ACC00112,normal,small_shop_customer
ACC00113,normal,student
ACC00114,normal,salaried
ACC00115,normal,salaried
ACC00116,normal,small_shop_customer
ACC00117,normal,small_shop_customer
ACC00118,normal,small_shop_customer
ACC00119,normal,student
ACC00120,normal,small_shop_customer
ACC00121,normal,salaried
ACC00122,normal,general
ACC00123,normal,general
ACC00124,normal,salaried
ACC00125,normal,general
ACC00126,normal,student
ACC00127,normal,salaried
ACC00128,normal,student
ACC00129,normal,student
ACC00130,normal,salaried
ACC00131,normal,salaried
ACC00132,normal,small_shop_customer
ACC00133,normal,student
ACC00134,normal,small_shop_customer
ACC00135,normal,student
ACC00136,normal,small_shop_customer
ACC00137,normal,general
ACC00138,normal,student
ACC00139,normal,general
ACC00140,normal,small_shop_customer
ACC00141,normal,general
ACC00142,normal,salaried
ACC00143,normal,student
ACC00144,normal,small_shop_customer
ACC00145,normal,student
ACC00146,normal,salaried
ACC00147,normal,student
ACC00148,normal,general
ACC00149,normal,student
ACC00150,normal,salaried
ACC00151,normal,general
ACC00152,normal,general
ACC00153,normal,student
ACC00154,normal,salaried
ACC00155,normal,student
ACC00156,normal,small_shop_customer
ACC00157,normal,student
ACC00158,normal,general
ACC00159,normal,general
ACC00160,normal,salaried
ACC00161,normal,student
ACC00162,normal,student
ACC00163,normal,general
ACC00164,normal,general
ACC00165,normal,general
ACC00166,normal,general
ACC00167,normal,salaried
ACC00168,normal,salaried
ACC00169,normal,student
ACC00170,normal,salaried
ACC00171,normal,salaried
ACC00172,normal,salaried
ACC00173,normal,salaried
ACC00174,normal,general
ACC00175,normal,student
ACC00176,normal,salaried
ACC00177,normal,student
ACC00178,normal,salaried
ACC00179,normal,small_shop_customer
ACC00180,normal,student
ACC00181,normal,salaried
ACC00182,normal,salaried
ACC00183,normal,general
ACC00184,normal,salaried
ACC00185,normal,student
ACC00186,normal,general
ACC00187,normal,small_shop_customer
ACC00188,normal,salaried
ACC00189,normal,small_shop_customer
ACC00190,normal,student
ACC00191,normal,student
ACC00192,normal,small_shop_customer
ACC00193,normal,general
ACC00194,normal,student
ACC00195,normal,salaried
ACC00196,normal,salaried
ACC00197,normal,small_shop_customer
ACC00198,normal,general
ACC00199,normal,general
ACC00200,normal,general
ACC00201,normal,small_shop_customer
ACC00202,normal,general
ACC00203,normal,student
ACC00204,normal,small_shop_customer
ACC00205,normal,salaried
ACC00206,normal,general
ACC00207,normal,small_shop_customer
ACC00208,normal,student
ACC00209,normal,student
ACC00210,normal,student
ACC00211,normal,small_shop_customer
ACC00212,normal,small_shop_customer
ACC00213,normal,small_shop_customer
ACC00214,normal,general
ACC00215,normal,small_shop_customer
ACC00216,normal,small_shop_customer
ACC00217,normal,small_shop_customer
ACC00218,normal,student
ACC00219,normal,salaried
ACC00220,normal,general
ACC00221,normal,salaried
ACC00222,normal,salaried
ACC00223,normal,student
ACC00224,normal,general
ACC00225,normal,small_shop_customer
ACC00226,normal,small_shop_customer
ACC00227,normal,student
ACC00228,normal,student
ACC00229,normal,student
ACC00230,normal,salaried
ACC00231,normal,general
ACC00232,normal,general
ACC00233,normal,salaried
ACC00234,normal,small_shop_customer
ACC00235,normal,small_shop_customer
ACC00236,normal,salaried
ACC00237,normal,general
ACC00238,normal,small_shop_customer
ACC00239,normal,student
ACC00240,normal,student
ACC00241,normal,small_shop_customer
ACC00242,normal,salaried
ACC00243,normal,salaried
ACC00244,normal,salaried
ACC00245,normal,small_shop_customer
ACC00246,normal,small_shop_customer
ACC00247,normal,student
ACC00248,normal,small_shop_customer
ACC00249,normal,salaried
ACC00250,normal,general
ACC00251,normal,small_shop_customer
ACC00252,normal,small_shop_customer
ACC00253,normal,student
ACC00254,normal,general
ACC00255,normal,student
ACC00256,normal,salaried
ACC00257,normal,small_shop_customer
ACC00258,normal,general
ACC00259,normal,student
ACC00260,normal,small_shop_customer
ACC00261,normal,salaried
ACC00262,normal,general
ACC00263,normal,salaried
ACC00264,normal,small_shop_customer
ACC00265,normal,student
ACC00266,normal,salaried
ACC00267,normal,small_shop_customer
ACC00268,normal,salaried
ACC00269,normal,small_shop_customer
ACC00270,normal,salaried
ACC00271,normal,general
ACC00272,normal,student
ACC00273,normal,salaried
ACC00274,normal,student
ACC00275,normal,general
ACC00276,normal,small_shop_customer
ACC00277,normal,small_shop_customer
ACC00278,normal,small_shop_customer
ACC00279,normal,small_shop_customer
ACC00280,normal,general
ACC00281,normal,small_shop_customer
ACC00282,normal,general
ACC00283,normal,general
ACC00284,normal,student
ACC00285,normal,student
ACC00286,normal,general
ACC00287,normal,small_shop_customer
ACC00288,normal,salaried
ACC00289,normal,salaried
ACC00290,normal,general
ACC00291,normal,small_shop_customer
ACC00292,normal,salaried
ACC00293,normal,small_shop_customer
ACC00294,normal,small_shop_customer
ACC00295,normal,small_shop_customer
ACC00296,normal,salaried
ACC00297,normal,general
ACC00298,normal,salaried
ACC00299,normal,student
ACC00300,normal,small_shop_customer
ACC00301,normal,small_shop_customer
ACC00302,normal,general
ACC00303,normal,general
ACC00304,normal,student
ACC00305,normal,general
ACC00306,normal,general
ACC00307,normal,salaried
ACC00308,normal,student
ACC00309,normal,small_shop_customer
ACC00310,normal,salaried
ACC00311,normal,salaried
ACC00312,normal,student
ACC00313,normal,student
ACC00314,normal,student
ACC00315,normal,salaried
ACC00316,normal,small_shop_customer
ACC00317,normal,general
ACC00318,normal,general
ACC00319,normal,general
ACC00320,normal,salaried
ACC00321,normal,student
ACC00322,normal,student
ACC00323,normal,small_shop_customer
ACC00324,normal,salaried
ACC00325,normal,small_shop_customer
ACC00326,normal,small_shop_customer
ACC00327,normal,salaried
ACC00328,normal,general
ACC00329,normal,student
ACC00330,normal,general
ACC00331,normal,general
ACC00332,normal,salaried
ACC00333,normal,small_shop_customer
ACC00334,normal,small_shop_customer
ACC00335,normal,salaried
ACC00336,normal,salaried
ACC00337,normal,small_shop_customer
ACC00338,normal,salaried
ACC00339,normal,general
ACC00340,normal,small_shop_customer
ACC00341,normal,general
ACC00342,normal,student
ACC00343,normal,salaried
ACC00344,normal,small_shop_customer
ACC00345,normal,small_shop_customer
ACC00346,normal,general
ACC00347,normal,general
ACC00348,normal,student
ACC00349,normal,small_shop_customer
ACC00350,normal,salaried
ACC00351,normal,small_shop_customer
ACC00352,normal,student
ACC00353,normal,student
ACC00354,normal,general
ACC00355,normal,salaried
ACC00356,normal,student
ACC00357,normal,student
ACC00358,normal,student
ACC00359,normal,general
ACC00360,normal,salaried
ACC00361,normal,salaried
ACC00362,normal,small_shop_customer
ACC00363,normal,salaried
ACC00364,normal,small_shop_customer
ACC00365,normal,salaried
ACC00366,normal,student
ACC00367,normal,small_shop_customer
ACC00368,normal,salaried
ACC00369,normal,salaried
ACC00370,normal,student
ACC00371,normal,general
ACC00372,normal,small_shop_customer
ACC00373,normal,student
ACC00374,normal,general
ACC00375,normal,general
ACC00376,normal,general
ACC00377,normal,general
ACC00378,normal,small_shop_customer
ACC00379,normal,student
ACC00380,normal,general
ACC00381,normal,salaried
ACC00382,normal,salaried
ACC00383,normal,small_shop_customer
ACC00384,normal,student
ACC00385,normal,small_shop_customer
ACC00386,normal,general
ACC00387,normal,salaried
ACC00388,normal,salaried
ACC00389,normal,student
ACC00390,normal,general
ACC00391,normal,small_shop_customer
ACC00392,normal,salaried
ACC00393,normal,salaried
ACC00394,normal,student
ACC00395,normal,small_shop_customer
ACC00396,normal,student
ACC00397,normal,small_shop_customer
ACC00398,normal,general
ACC00399,normal,salaried
ACC00400,normal,student
ACC00401,normal,student
ACC00402,normal,small_shop_customer
ACC00403,normal,general
ACC00404,normal,salaried
ACC00405,normal,general
ACC00406,normal,salaried
ACC00407,normal,student
ACC00408,normal,general
ACC00409,normal,general
ACC00410,normal,salaried
ACC00411,normal,small_shop_customer
ACC00412,normal,general
ACC00413,normal,salaried
ACC00414,normal,general
ACC00415,normal,student
ACC00416,normal,salaried
ACC00417,normal,general
ACC00418,normal,general
ACC00419,normal,general
ACC00420,normal,salaried
ACC00421,normal,general
ACC00422,normal,small_shop_customer
ACC00423,normal,salaried
ACC00424,normal,student
ACC00425,normal,salaried
ACC00426,normal,salaried
ACC00427,normal,student
ACC00428,normal,general
ACC00429,normal,student
ACC00430,normal,general
ACC00431,normal,small_shop_customer
ACC00432,normal,general
ACC00433,normal,student
ACC00434,normal,salaried
ACC00435,normal,salaried
ACC00436,normal,student
ACC00437,normal,student
ACC00438,normal,general
ACC00439,normal,general
ACC00440,normal,salaried
ACC00441,normal,general
ACC00442,normal,general
ACC00443,normal,student
ACC00444,normal,general
ACC00445,normal,general
ACC00446,normal,general
ACC00447,normal,general
ACC00448,normal,general
ACC00449,normal,salaried
ACC00450,normal,student
ACC00451,normal,student
ACC00452,normal,small_shop_customer
ACC00453,normal,small_shop_customer
ACC00454,normal,student
ACC00455,normal,general
ACC00456,normal,small_shop_customer
ACC00457,normal,general
ACC00458,normal,student
ACC00459,normal,salaried
ACC00460,normal,general
ACC00461,normal,general
ACC00462,normal,small_shop_customer
ACC00463,normal,salaried
ACC00464,normal,general
ACC00465,normal,student
ACC00466,normal,salaried
ACC00467,normal,salaried
ACC00468,normal,small_shop_customer
ACC00469,normal,general
ACC00470,normal,general
ACC00471,normal,general
ACC00472,normal,salaried
ACC00473,normal,student
ACC00474,normal,general
ACC00475,normal,salaried
ACC00476,normal,salaried
ACC00477,normal,student
ACC00478,normal,small_shop_customer
ACC00479,normal,general
ACC00480,normal,student
ACC00481,hard_negative,freelancer_fan_in
ACC00482,hard_negative,family_bill_split
ACC00483,hard_negative,small_merchant
ACC00484,hard_negative,freelancer_fan_in
ACC00485,hard_negative,family_bill_split
ACC00486,hard_negative,small_merchant
ACC00487,hard_negative,freelancer_fan_in
ACC00488,hard_negative,family_bill_split
ACC00489,hard_negative,small_merchant
ACC00490,hard_negative,freelancer_fan_in
ACC00491,hard_negative,family_bill_split
ACC00492,hard_negative,small_merchant
ACC00493,hard_negative,freelancer_fan_in
ACC00494,hard_negative,family_bill_split
ACC00495,hard_negative,small_merchant
ACC00496,hard_negative,freelancer_fan_in
ACC00497,hard_negative,family_bill_split
ACC00498,hard_negative,small_merchant
ACC00499,hard_negative,freelancer_fan_in
ACC00500,hard_negative,family_bill_split
ACC00501,mule,
ACC00502,mule,
ACC00503,mule,
ACC00504,mule,
ACC00505,mule,
ACC00506,mule,
ACC00507,mule,
ACC00508,mule,
ACC00509,mule,
ACC00510,mule,
ACC00511,mule,
ACC00512,mule,
ACC00513,mule,
ACC00514,mule,
ACC00515,mule,
ACC00516,mule,
ACC00517,mule,
ACC00518,mule,
ACC00519,mule,
ACC00520,mule,
ACC00521,mule,
ACC00522,mule,
ACC00523,mule,
ACC00524,mule,
ACC00525,mule,
ACC00526,mule,
ACC00527,mule,
ACC00528,mule,
ACC00529,mule,
ACC00530,mule,
ACC00531,mule,
ACC00532,mule,
ACC00533,mule,
ACC00534,mule,
ACC00535,mule,
ACC00536,mule,
ACC00537,mule,
ACC00538,mule,
ACC00539,mule,
ACC00540,mule,
ACC00541,mule,
ACC00542,mule,
ACC00543,mule,
ACC00544,mule,
ACC00545,mule,
ACC00546,mule,
ACC00547,mule,
ACC00548,mule,
ACC00549,mule,
ACC00550,mule,
