account_id,rule,explanation,evidence_path
ACC00228,Layering (Hop 1),"Layering: sent Rs1220.26 to ACC00109, forwarded Rs1260.63 to ACC00216.","ACC00228|656924198383|ACC00109,ACC00109|217115198909|ACC00216"
ACC00109,Layering (Hop 2),"Layering: sent Rs1220.26 to ACC00109, forwarded Rs1260.63 to ACC00216.","ACC00228|656924198383|ACC00109,ACC00109|217115198909|ACC00216"
ACC00036,Layering (Hop 1),"Layering: sent Rs2826.97 to ACC00072, forwarded Rs2607.47 to ACC00039.","ACC00036|541649185988|ACC00072,ACC00072|991050308500|ACC00039"
ACC00072,Layering (Hop 2),"Layering: sent Rs2826.97 to ACC00072, forwarded Rs2607.47 to ACC00039.","ACC00036|541649185988|ACC00072,ACC00072|991050308500|ACC00039"
ACC00403,Layering (Hop 1),"Layering: sent Rs2752.37 to ACC00353, forwarded Rs2585.28 to ACC00114.","ACC00403|194964127398|ACC00353,ACC00353|224779606277|ACC00114"
ACC00353,Layering (Hop 2),"Layering: sent Rs2752.37 to ACC00353, forwarded Rs2585.28 to ACC00114.","ACC00403|194964127398|ACC00353,ACC00353|224779606277|ACC00114"
ACC00096,Layering (Hop 1),"Layering: sent Rs628.09 to ACC00372, forwarded Rs625.05 to ACC00096.","ACC00096|438474096019|ACC00372,ACC00372|50325934562|ACC00096"
ACC00372,Layering (Hop 2),"Layering: sent Rs628.09 to ACC00372, forwarded Rs625.05 to ACC00096.","ACC00096|438474096019|ACC00372,ACC00372|50325934562|ACC00096"
ACC00446,Layering (Hop 2),"Layering: sent Rs2561.96 to ACC00446, forwarded Rs2526.25 to ACC00026.","ACC00096|5582385163|ACC00446,ACC00446|735782027809|ACC00026"
ACC00146,Layering (Hop 1),"Layering: sent Rs1906.81 to ACC00065, forwarded Rs1628.27 to ACC00455.","ACC00146|77856255645|ACC00065,ACC00065|380367146757|ACC00455"
ACC00065,Layering (Hop 2),"Layering: sent Rs1906.81 to ACC00065, forwarded Rs1628.27 to ACC00455.","ACC00146|77856255645|ACC00065,ACC00065|380367146757|ACC00455"
ACC00222,Layering (Hop 1),"Layering: sent Rs1830.04 to ACC00086, forwarded Rs1790.49 to ACC00437.","ACC00222|665184485522|ACC00086,ACC00086|737202636943|ACC00437"
ACC00086,Layering (Hop 2),"Layering: sent Rs1830.04 to ACC00086, forwarded Rs1790.49 to ACC00437.","ACC00222|665184485522|ACC00086,ACC00086|737202636943|ACC00437"
ACC00077,Layering (Hop 1),"Layering: sent Rs2369.17 to ACC00024, forwarded Rs2226.26 to ACC00150.","ACC00077|118631471589|ACC00024,ACC00024|601960349626|ACC00150"
ACC00024,Layering (Hop 2),"Layering: sent Rs2369.17 to ACC00024, forwarded Rs2226.26 to ACC00150.","ACC00077|118631471589|ACC00024,ACC00024|601960349626|ACC00150"
ACC00110,Layering (Hop 2),"Layering: sent Rs1696.78 to ACC00110, forwarded Rs1478.02 to ACC00472.","ACC00077|856655684207|ACC00110,ACC00110|271462561934|ACC00472"
ACC00473,Layering (Hop 1),"Layering: sent Rs2827.37 to ACC00062, forwarded Rs2492.09 to ACC00342.","ACC00473|575227411634|ACC00062,ACC00062|471282256730|ACC00342"
ACC00062,Layering (Hop 2),"Layering: sent Rs2827.37 to ACC00062, forwarded Rs2492.09 to ACC00342.","ACC00473|575227411634|ACC00062,ACC00062|471282256730|ACC00342"
ACC00534,Fan-In,"Fan-In: 30 incoming txns totaling Rs90146.91, consolidated into 1 outgoing txns totaling Rs86449.95.",
ACC00488,Layering (Hop 1),"Layering: sent Rs289.03 to ACC00436, forwarded Rs299.63 to ACC00225.","ACC00488|400045894533|ACC00436,ACC00436|594923105424|ACC00225"
ACC00436,Layering (Hop 2),"Layering: sent Rs289.03 to ACC00436, forwarded Rs299.63 to ACC00225.","ACC00488|400045894533|ACC00436,ACC00436|594923105424|ACC00225"
ACC00395,Layering (Hop 1),"Layering: sent Rs2398.03 to ACC00011, forwarded Rs2069.27 to ACC00338.","ACC00395|752973702301|ACC00011,ACC00011|107970755623|ACC00338"
ACC00011,Layering (Hop 2),"Layering: sent Rs2398.03 to ACC00011, forwarded Rs2069.27 to ACC00338.","ACC00395|752973702301|ACC00011,ACC00011|107970755623|ACC00338"
ACC00270,Layering (Hop 1),"Layering: sent Rs1468.17 to ACC00354, forwarded Rs1435.12 to ACC00187.","ACC00270|602267276611|ACC00354,ACC00354|192852409246|ACC00187"
ACC00354,Layering (Hop 2),"Layering: sent Rs1468.17 to ACC00354, forwarded Rs1435.12 to ACC00187.","ACC00270|602267276611|ACC00354,ACC00354|192852409246|ACC00187"
ACC00054,Layering (Hop 1),"Layering: sent Rs1585.63 to ACC00328, forwarded Rs1647.65 to ACC00148.","ACC00054|501005247414|ACC00328,ACC00328|368338034432|ACC00148"
ACC00328,Layering (Hop 2),"Layering: sent Rs1585.63 to ACC00328, forwarded Rs1647.65 to ACC00148.","ACC00054|501005247414|ACC00328,ACC00328|368338034432|ACC00148"
ACC00038,Layering (Hop 1),"Layering: sent Rs425.56 to ACC00446, forwarded Rs376.32 to ACC00321.","ACC00038|835256204729|ACC00446,ACC00446|719154391816|ACC00321"
ACC00326,Layering (Hop 1),"Layering: sent Rs739.93 to ACC00014, forwarded Rs705.27 to ACC00241.","ACC00326|771505448687|ACC00014,ACC00014|557567937706|ACC00241"
ACC00014,Layering (Hop 2),"Layering: sent Rs739.93 to ACC00014, forwarded Rs705.27 to ACC00241.","ACC00326|771505448687|ACC00014,ACC00014|557567937706|ACC00241"
ACC00542,Layering (Hop 1),"Layering: sent Rs1074267.43 to ACC00539, forwarded Rs1061589.27 to ACC00510.","ACC00542|508049311560|ACC00539,ACC00539|971610312187|ACC00510"
ACC00539,Layering (Hop 2),"Layering: sent Rs1074267.43 to ACC00539, forwarded Rs1061589.27 to ACC00510.","ACC00542|508049311560|ACC00539,ACC00539|971610312187|ACC00510"
ACC00184,Layering (Hop 1),"Layering: sent Rs1175.85 to ACC00440, forwarded Rs1036.06 to ACC00274.","ACC00184|685332678975|ACC00440,ACC00440|809798191630|ACC00274"
ACC00440,Layering (Hop 2),"Layering: sent Rs1175.85 to ACC00440, forwarded Rs1036.06 to ACC00274.","ACC00184|685332678975|ACC00440,ACC00440|809798191630|ACC00274"
ACC00535,Fan-In,"Fan-In: 24 incoming txns totaling Rs66400.34, consolidated into 1 outgoing txns totaling Rs60412.41.",
ACC00002,Layering (Hop 1),"Layering: sent Rs739.69 to ACC00232, forwarded Rs715.1 to ACC00487.","ACC00002|746605785190|ACC00232,ACC00232|387325353363|ACC00487"
ACC00232,Layering (Hop 2),"Layering: sent Rs739.69 to ACC00232, forwarded Rs715.1 to ACC00487.","ACC00002|746605785190|ACC00232,ACC00232|387325353363|ACC00487"
ACC00426,Layering (Hop 2),"Layering: sent Rs861.13 to ACC00426, forwarded Rs771.42 to ACC00018.","ACC00002|703954053644|ACC00426,ACC00426|874392337433|ACC00018"
ACC00514,Layering (Hop 1),"Layering: sent Rs1295012.69 to ACC00524, forwarded Rs1211879.17 to ACC00502.","ACC00514|418992056847|ACC00524,ACC00524|570778602825|ACC00502"
ACC00524,Layering (Hop 2),"Layering: sent Rs1295012.69 to ACC00524, forwarded Rs1211879.17 to ACC00502.","ACC00514|418992056847|ACC00524,ACC00524|570778602825|ACC00502"
ACC00500,Layering (Hop 1),"Layering: sent Rs1284.84 to ACC00453, forwarded Rs1270.03 to ACC00362.","ACC00500|727169565886|ACC00453,ACC00453|391790062417|ACC00362"
ACC00453,Layering (Hop 2),"Layering: sent Rs1284.84 to ACC00453, forwarded Rs1270.03 to ACC00362.","ACC00500|727169565886|ACC00453,ACC00453|391790062417|ACC00362"
ACC00224,Layering (Hop 1),"Layering: sent Rs387.53 to ACC00311, forwarded Rs397.31 to ACC00452.","ACC00224|810863175356|ACC00311,ACC00311|388952214366|ACC00452"
ACC00311,Layering (Hop 2),"Layering: sent Rs387.53 to ACC00311, forwarded Rs397.31 to ACC00452.","ACC00224|810863175356|ACC00311,ACC00311|388952214366|ACC00452"
ACC00190,Layering (Hop 1),"Layering: sent Rs890.91 to ACC00293, forwarded Rs917.9 to ACC00365.","ACC00190|918504177150|ACC00293,ACC00293|947250002898|ACC00365"
ACC00293,Layering (Hop 2),"Layering: sent Rs890.91 to ACC00293, forwarded Rs917.9 to ACC00365.","ACC00190|918504177150|ACC00293,ACC00293|947250002898|ACC00365"
ACC00419,Layering (Hop 1),"Layering: sent Rs1239.18 to ACC00059, forwarded Rs1267.3 to ACC00151.","ACC00419|767005058682|ACC00059,ACC00059|308786103060|ACC00151"
ACC00059,Layering (Hop 2),"Layering: sent Rs1239.18 to ACC00059, forwarded Rs1267.3 to ACC00151.","ACC00419|767005058682|ACC00059,ACC00059|308786103060|ACC00151"
ACC00475,Layering (Hop 1),"Layering: sent Rs905.24 to ACC00287, forwarded Rs831.66 to ACC00286.","ACC00475|450500592928|ACC00287,ACC00287|693384831950|ACC00286"
ACC00287,Layering (Hop 2),"Layering: sent Rs905.24 to ACC00287, forwarded Rs831.66 to ACC00286.","ACC00475|450500592928|ACC00287,ACC00287|693384831950|ACC00286"
ACC00359,Layering (Hop 1),"Layering: sent Rs2384.91 to ACC00027, forwarded Rs2193.76 to ACC00060.","ACC00359|767263261997|ACC00027,ACC00027|546615571584|ACC00060"
ACC00027,Layering (Hop 2),"Layering: sent Rs2384.91 to ACC00027, forwarded Rs2193.76 to ACC00060.","ACC00359|767263261997|ACC00027,ACC00027|546615571584|ACC00060"
ACC00329,Layering (Hop 2),"Layering: sent Rs801.54 to ACC00329, forwarded Rs755.34 to ACC00142.","ACC00359|312806225000|ACC00329,ACC00329|354971290116|ACC00142"
ACC00514,Layering (Hop 2),"Layering: sent Rs1382329.16 to ACC00514, forwarded Rs1295012.69 to ACC00524.","ACC00359|613405830721|ACC00514,ACC00514|418992056847|ACC00524"
ACC00519,Fan-In,"Fan-In: 28 incoming txns totaling Rs82848.84, consolidated into 1 outgoing txns totaling Rs79232.73.",
ACC00459,Layering (Hop 1),"Layering: sent Rs2028.72 to ACC00448, forwarded Rs1732.72 to ACC00141.","ACC00459|998284291143|ACC00448,ACC00448|298216234624|ACC00141"
ACC00448,Layering (Hop 2),"Layering: sent Rs2028.72 to ACC00448, forwarded Rs1732.72 to ACC00141.","ACC00459|998284291143|ACC00448,ACC00448|298216234624|ACC00141"
ACC00543,Fan-In,"Fan-In: 18 incoming txns totaling Rs53867.83, consolidated into 1 outgoing txns totaling Rs48576.48.",
ACC00411,Layering (Hop 1),"Layering: sent Rs574.77 to ACC00498, forwarded Rs578.56 to ACC00115.","ACC00411|426050901834|ACC00498,ACC00498|128710216125|ACC00115"
ACC00498,Layering (Hop 2),"Layering: sent Rs574.77 to ACC00498, forwarded Rs578.56 to ACC00115.","ACC00411|426050901834|ACC00498,ACC00498|128710216125|ACC00115"
ACC00438,Layering (Hop 1),"Layering: sent Rs1459.21 to ACC00248, forwarded Rs1363.03 to ACC00111.","ACC00438|812938004410|ACC00248,ACC00248|843560868721|ACC00111"
ACC00248,Layering (Hop 2),"Layering: sent Rs1459.21 to ACC00248, forwarded Rs1363.03 to ACC00111.","ACC00438|812938004410|ACC00248,ACC00248|843560868721|ACC00111"
ACC00497,Layering (Hop 1),"Layering: sent Rs3438.27 to ACC00109, forwarded Rs3225.31 to ACC00353.","ACC00497|632356440264|ACC00109,ACC00109|595194039230|ACC00353"
ACC00234,Layering (Hop 1),"Layering: sent Rs1612.71 to ACC00126, forwarded Rs1466.39 to ACC00111.","ACC00234|483633597097|ACC00126,ACC00126|640462851012|ACC00111"
ACC00126,Layering (Hop 2),"Layering: sent Rs1612.71 to ACC00126, forwarded Rs1466.39 to ACC00111.","ACC00234|483633597097|ACC00126,ACC00126|640462851012|ACC00111"
ACC00447,Layering (Hop 2),"Layering: sent Rs1057.24 to ACC00447, forwarded Rs911.26 to ACC00234.","ACC00234|223146943592|ACC00447,ACC00447|237645659492|ACC00234"
ACC00175,Layering (Hop 1),"Layering: sent Rs2217.96 to ACC00216, forwarded Rs2245.81 to ACC00324.","ACC00175|843001164695|ACC00216,ACC00216|964362855474|ACC00324"
ACC00216,Layering (Hop 2),"Layering: sent Rs2217.96 to ACC00216, forwarded Rs2245.81 to ACC00324.","ACC00175|843001164695|ACC00216,ACC00216|964362855474|ACC00324"
ACC00095,Layering (Hop 1),"Layering: sent Rs779.76 to ACC00029, forwarded Rs764.77 to ACC00279.","ACC00095|817123060406|ACC00029,ACC00029|197245823642|ACC00279"
ACC00029,Layering (Hop 2),"Layering: sent Rs779.76 to ACC00029, forwarded Rs764.77 to ACC00279.","ACC00095|817123060406|ACC00029,ACC00029|197245823642|ACC00279"
ACC00532,Fan-In,"Fan-In: 26 incoming txns totaling Rs65839.35, consolidated into 1 outgoing txns totaling Rs63115.01.",
ACC00311,Layering (Hop 1),"Layering: sent Rs1165697.46 to ACC00542, forwarded Rs1074267.43 to ACC00539.","ACC00311|966214739350|ACC00542,ACC00542|508049311560|ACC00539"
ACC00542,Layering (Hop 2),"Layering: sent Rs1165697.46 to ACC00542, forwarded Rs1074267.43 to ACC00539.","ACC00311|966214739350|ACC00542,ACC00542|508049311560|ACC00539"
ACC00511,Fan-In,"Fan-In: 38 incoming txns totaling Rs102588.28, consolidated into 1 outgoing txns totaling Rs95865.28.",
ACC00112,Layering (Hop 1),"Layering: sent Rs1373.36 to ACC00018, forwarded Rs1249.65 to ACC00190.","ACC00112|838555086376|ACC00018,ACC00018|540318954431|ACC00190"
ACC00018,Layering (Hop 2),"Layering: sent Rs1373.36 to ACC00018, forwarded Rs1249.65 to ACC00190.","ACC00112|838555086376|ACC00018,ACC00018|540318954431|ACC00190"
ACC00508,Fan-In,"Fan-In: 21 incoming txns totaling Rs54292.28, consolidated into 1 outgoing txns totaling Rs50143.41.",
ACC00420,Layering (Hop 1),"Layering: sent Rs803.49 to ACC00016, forwarded Rs724.55 to ACC00240.","ACC00420|153990008119|ACC00016,ACC00016|188711702339|ACC00240"
ACC00016,Layering (Hop 2),"Layering: sent Rs803.49 to ACC00016, forwarded Rs724.55 to ACC00240.","ACC00420|153990008119|ACC00016,ACC00016|188711702339|ACC00240"
ACC00122,Layering (Hop 1),"Layering: sent Rs2913.78 to ACC00489, forwarded Rs2916.78 to ACC00339.","ACC00122|60654686930|ACC00489,ACC00489|983858300210|ACC00339"
ACC00489,Layering (Hop 2),"Layering: sent Rs2913.78 to ACC00489, forwarded Rs2916.78 to ACC00339.","ACC00122|60654686930|ACC00489,ACC00489|983858300210|ACC00339"
ACC00540,Layering (Hop 2),"Layering: sent Rs820428.82 to ACC00540, forwarded Rs791477.95 to ACC00549.","ACC00122|268806891091|ACC00540,ACC00540|522716359835|ACC00549"
ACC00347,Layering (Hop 1),"Layering: sent Rs1482.22 to ACC00448, forwarded Rs1335.34 to ACC00195.","ACC00347|184104326788|ACC00448,ACC00448|477290440886|ACC00195"
ACC00117,Layering (Hop 1),"Layering: sent Rs723.63 to ACC00140, forwarded Rs693.02 to ACC00351.","ACC00117|140111422861|ACC00140,ACC00140|607416194179|ACC00351"
ACC00140,Layering (Hop 2),"Layering: sent Rs723.63 to ACC00140, forwarded Rs693.02 to ACC00351.","ACC00117|140111422861|ACC00140,ACC00140|607416194179|ACC00351"
ACC00091,Layering (Hop 1),"Layering: sent Rs1163.08 to ACC00019, forwarded Rs1113.25 to ACC00335.","ACC00091|232933382653|ACC00019,ACC00019|943761174843|ACC00335"
ACC00019,Layering (Hop 2),"Layering: sent Rs1163.08 to ACC00019, forwarded Rs1113.25 to ACC00335.","ACC00091|232933382653|ACC00019,ACC00019|943761174843|ACC00335"
ACC00491,Layering (Hop 1),"Layering: sent Rs4199.88 to ACC00231, forwarded Rs3628.74 to ACC00286.","ACC00491|707260279022|ACC00231,ACC00231|489840648141|ACC00286"
ACC00231,Layering (Hop 2),"Layering: sent Rs4199.88 to ACC00231, forwarded Rs3628.74 to ACC00286.","ACC00491|707260279022|ACC00231,ACC00231|489840648141|ACC00286"
ACC00401,Layering (Hop 1),"Layering: sent Rs1128.96 to ACC00346, forwarded Rs978.48 to ACC00254.","ACC00401|178508642007|ACC00346,ACC00346|647101963738|ACC00254"
ACC00346,Layering (Hop 2),"Layering: sent Rs1128.96 to ACC00346, forwarded Rs978.48 to ACC00254.","ACC00401|178508642007|ACC00346,ACC00346|647101963738|ACC00254"
ACC00276,Layering (Hop 1),"Layering: sent Rs938.18 to ACC00053, forwarded Rs875.24 to ACC00416.","ACC00276|438702664997|ACC00053,ACC00053|792807356738|ACC00416"
ACC00053,Layering (Hop 2),"Layering: sent Rs938.18 to ACC00053, forwarded Rs875.24 to ACC00416.","ACC00276|438702664997|ACC00053,ACC00053|792807356738|ACC00416"
ACC00218,Layering (Hop 1),"Layering: sent Rs1937.26 to ACC00459, forwarded Rs2028.72 to ACC00448.","ACC00218|580070707579|ACC00459,ACC00459|998284291143|ACC00448"
ACC00459,Layering (Hop 2),"Layering: sent Rs1937.26 to ACC00459, forwarded Rs2028.72 to ACC00448.","ACC00218|580070707579|ACC00459,ACC00459|998284291143|ACC00448"
ACC00310,Layering (Hop 1),"Layering: sent Rs768.45 to ACC00395, forwarded Rs674.8 to ACC00362.","ACC00310|129882849364|ACC00395,ACC00395|997358109633|ACC00362"
ACC00395,Layering (Hop 2),"Layering: sent Rs768.45 to ACC00395, forwarded Rs674.8 to ACC00362.","ACC00310|129882849364|ACC00395,ACC00395|997358109633|ACC00362"
ACC00045,Layering (Hop 1),"Layering: sent Rs5868.82 to ACC00151, forwarded Rs5339.4 to ACC00054.","ACC00045|146132880521|ACC00151,ACC00151|835301090655|ACC00054"
ACC00151,Layering (Hop 2),"Layering: sent Rs5868.82 to ACC00151, forwarded Rs5339.4 to ACC00054.","ACC00045|146132880521|ACC00151,ACC00151|835301090655|ACC00054"
ACC00545,Fan-In,"Fan-In: 37 incoming txns totaling Rs95781.51, consolidated into 1 outgoing txns totaling Rs88266.98.",
ACC00371,Layering (Hop 1),"Layering: sent Rs2310.41 to ACC00316, forwarded Rs2304.53 to ACC00352.","ACC00371|127254613108|ACC00316,ACC00316|78016056440|ACC00352"
ACC00316,Layering (Hop 2),"Layering: sent Rs2310.41 to ACC00316, forwarded Rs2304.53 to ACC00352.","ACC00371|127254613108|ACC00316,ACC00316|78016056440|ACC00352"
ACC00156,Layering (Hop 1),"Layering: sent Rs1671.12 to ACC00134, forwarded Rs1588.2 to ACC00116.","ACC00156|157157966995|ACC00134,ACC00134|30850353941|ACC00116"
ACC00134,Layering (Hop 2),"Layering: sent Rs1671.12 to ACC00134, forwarded Rs1588.2 to ACC00116.","ACC00156|157157966995|ACC00134,ACC00134|30850353941|ACC00116"
ACC00355,Layering (Hop 1),"Layering: sent Rs1526.91 to ACC00318, forwarded Rs1564.94 to ACC00273.","ACC00355|827856367352|ACC00318,ACC00318|165908419896|ACC00273"
ACC00318,Layering (Hop 2),"Layering: sent Rs1526.91 to ACC00318, forwarded Rs1564.94 to ACC00273.","ACC00355|827856367352|ACC00318,ACC00318|165908419896|ACC00273"
ACC00319,Layering (Hop 2),"Layering: sent Rs847.65 to ACC00319, forwarded Rs759.35 to ACC00090.","ACC00355|934007101315|ACC00319,ACC00319|700372275537|ACC00090"
ACC00410,Layering (Hop 1),"Layering: sent Rs2360.12 to ACC00302, forwarded Rs2108.98 to ACC00013.","ACC00410|644686460361|ACC00302,ACC00302|69275348134|ACC00013"
ACC00302,Layering (Hop 2),"Layering: sent Rs2360.12 to ACC00302, forwarded Rs2108.98 to ACC00013.","ACC00410|644686460361|ACC00302,ACC00302|69275348134|ACC00013"
ACC00517,Fan-In,"Fan-In: 34 incoming txns totaling Rs74129.85, consolidated into 1 outgoing txns totaling Rs70488.14.",
ACC00076,Layering (Hop 1),"Layering: sent Rs3881.15 to ACC00190, forwarded Rs3448.92 to ACC00467.","ACC00076|157759810848|ACC00190,ACC00190|434022895865|ACC00467"
ACC00190,Layering (Hop 2),"Layering: sent Rs3881.15 to ACC00190, forwarded Rs3448.92 to ACC00467.","ACC00076|157759810848|ACC00190,ACC00190|434022895865|ACC00467"
ACC00389,Layering (Hop 2),"Layering: sent Rs651.37 to ACC00389, forwarded Rs681.66 to ACC00138.","ACC00076|561045137860|ACC00389,ACC00389|183506258171|ACC00138"
ACC00010,Layering (Hop 1),"Layering: sent Rs402.08 to ACC00388, forwarded Rs395.68 to ACC00133.","ACC00010|381798800400|ACC00388,ACC00388|931616308658|ACC00133"
ACC00388,Layering (Hop 2),"Layering: sent Rs402.08 to ACC00388, forwarded Rs395.68 to ACC00133.","ACC00010|381798800400|ACC00388,ACC00388|931616308658|ACC00133"
ACC00414,Layering (Hop 1),"Layering: sent Rs2263946.08 to ACC00521, forwarded Rs2127758.21 to ACC00528.","ACC00414|362161325130|ACC00521,ACC00521|835088390664|ACC00528"
ACC00521,Layering (Hop 2),"Layering: sent Rs2263946.08 to ACC00521, forwarded Rs2127758.21 to ACC00528.","ACC00414|362161325130|ACC00521,ACC00521|835088390664|ACC00528"
ACC00521,Layering (Hop 1),"Layering: sent Rs2127758.21 to ACC00528, forwarded Rs1947899.84 to ACC00525.","ACC00521|835088390664|ACC00528,ACC00528|403086911855|ACC00525"
ACC00528,Layering (Hop 2),"Layering: sent Rs2127758.21 to ACC00528, forwarded Rs1947899.84 to ACC00525.","ACC00521|835088390664|ACC00528,ACC00528|403086911855|ACC00525"
ACC00429,Layering (Hop 1),"Layering: sent Rs2726.94 to ACC00342, forwarded Rs2351.52 to ACC00195.","ACC00429|403136215330|ACC00342,ACC00342|372422281158|ACC00195"
ACC00342,Layering (Hop 2),"Layering: sent Rs2726.94 to ACC00342, forwarded Rs2351.52 to ACC00195.","ACC00429|403136215330|ACC00342,ACC00342|372422281158|ACC00195"
ACC00323,Layering (Hop 1),"Layering: sent Rs695.8 to ACC00457, forwarded Rs702.1 to ACC00126.","ACC00323|997854690398|ACC00457,ACC00457|186836282061|ACC00126"
ACC00457,Layering (Hop 2),"Layering: sent Rs695.8 to ACC00457, forwarded Rs702.1 to ACC00126.","ACC00323|997854690398|ACC00457,ACC00457|186836282061|ACC00126"
ACC00396,Layering (Hop 1),"Layering: sent Rs798.17 to ACC00271, forwarded Rs689.86 to ACC00320.","ACC00396|796599597150|ACC00271,ACC00271|382096620006|ACC00320"
ACC00271,Layering (Hop 2),"Layering: sent Rs798.17 to ACC00271, forwarded Rs689.86 to ACC00320.","ACC00396|796599597150|ACC00271,ACC00271|382096620006|ACC00320"
ACC00247,Layering (Hop 1),"Layering: sent Rs1641.42 to ACC00096, forwarded Rs1649.35 to ACC00247.","ACC00247|896626026725|ACC00096,ACC00096|548117235798|ACC00247"
ACC00096,Layering (Hop 2),"Layering: sent Rs1641.42 to ACC00096, forwarded Rs1649.35 to ACC00247.","ACC00247|896626026725|ACC00096,ACC00096|548117235798|ACC00247"
ACC00003,Layering (Hop 1),"Layering: sent Rs1308.22 to ACC00214, forwarded Rs1302.97 to ACC00245.","ACC00003|642364556254|ACC00214,ACC00214|900511012773|ACC00245"
ACC00214,Layering (Hop 2),"Layering: sent Rs1308.22 to ACC00214, forwarded Rs1302.97 to ACC00245.","ACC00003|642364556254|ACC00214,ACC00214|900511012773|ACC00245"
ACC00484,Layering (Hop 1),"Layering: sent Rs8751.8 to ACC00043, forwarded Rs8526.89 to ACC00362.","ACC00484|634285161269|ACC00043,ACC00043|566168956670|ACC00362"
ACC00043,Layering (Hop 2),"Layering: sent Rs8751.8 to ACC00043, forwarded Rs8526.89 to ACC00362.","ACC00484|634285161269|ACC00043,ACC00043|566168956670|ACC00362"
ACC00317,Layering (Hop 1),"Layering: sent Rs966.26 to ACC00191, forwarded Rs844.02 to ACC00412.","ACC00317|443725000274|ACC00191,ACC00191|870974914555|ACC00412"
ACC00191,Layering (Hop 2),"Layering: sent Rs966.26 to ACC00191, forwarded Rs844.02 to ACC00412.","ACC00317|443725000274|ACC00191,ACC00191|870974914555|ACC00412"
ACC00231,Layering (Hop 1),"Layering: sent Rs1210.94 to ACC00100, forwarded Rs1245.88 to ACC00410.","ACC00231|985377983213|ACC00100,ACC00100|249292855150|ACC00410"
ACC00100,Layering (Hop 2),"Layering: sent Rs1210.94 to ACC00100, forwarded Rs1245.88 to ACC00410.","ACC00231|985377983213|ACC00100,ACC00100|249292855150|ACC00410"
ACC00325,Layering (Hop 1),"Layering: sent Rs850.99 to ACC00394, forwarded Rs766.74 to ACC00266.","ACC00325|402265159865|ACC00394,ACC00394|183550751626|ACC00266"
ACC00394,Layering (Hop 2),"Layering: sent Rs850.99 to ACC00394, forwarded Rs766.74 to ACC00266.","ACC00325|402265159865|ACC00394,ACC00394|183550751626|ACC00266"
ACC00296,Layering (Hop 1),"Layering: sent Rs1366.39 to ACC00216, forwarded Rs1267.42 to ACC00183.","ACC00296|868182915147|ACC00216,ACC00216|340609356031|ACC00183"
ACC00312,Layering (Hop 1),"Layering: sent Rs1843.25 to ACC00321, forwarded Rs1591.64 to ACC00482.","ACC00312|247463570939|ACC00321,ACC00321|593747809296|ACC00482"
ACC00321,Layering (Hop 2),"Layering: sent Rs1843.25 to ACC00321, forwarded Rs1591.64 to ACC00482.","ACC00312|247463570939|ACC00321,ACC00321|593747809296|ACC00482"
ACC00106,Layering (Hop 1),"Layering: sent Rs785.84 to ACC00466, forwarded Rs811.78 to ACC00401.","ACC00106|569148413069|ACC00466,ACC00466|854942851885|ACC00401"
ACC00466,Layering (Hop 2),"Layering: sent Rs785.84 to ACC00466, forwarded Rs811.78 to ACC00401.","ACC00106|569148413069|ACC00466,ACC00466|854942851885|ACC00401"
ACC00444,Layering (Hop 1),"Layering: sent Rs560.31 to ACC00079, forwarded Rs486.43 to ACC00396.","ACC00444|180986459041|ACC00079,ACC00079|568232517554|ACC00396"
ACC00079,Layering (Hop 2),"Layering: sent Rs560.31 to ACC00079, forwarded Rs486.43 to ACC00396.","ACC00444|180986459041|ACC00079,ACC00079|568232517554|ACC00396"
ACC00346,Layering (Hop 1),"Layering: sent Rs1577.57 to ACC00369, forwarded Rs1549.18 to ACC00062.","ACC00346|20581366284|ACC00369,ACC00369|275534272258|ACC00062"
ACC00369,Layering (Hop 2),"Layering: sent Rs1577.57 to ACC00369, forwarded Rs1549.18 to ACC00062.","ACC00346|20581366284|ACC00369,ACC00369|275534272258|ACC00062"
ACC00403,Layering (Hop 2),"Layering: sent Rs2416.36 to ACC00403, forwarded Rs2116.23 to ACC00346.","ACC00346|404905459049|ACC00403,ACC00403|238452221222|ACC00346"
ACC00293,Layering (Hop 1),"Layering: sent Rs1663.33 to ACC00396, forwarded Rs1517.19 to ACC00288.","ACC00293|997802188819|ACC00396,ACC00396|63335400711|ACC00288"
ACC00396,Layering (Hop 2),"Layering: sent Rs1663.33 to ACC00396, forwarded Rs1517.19 to ACC00288.","ACC00293|997802188819|ACC00396,ACC00396|63335400711|ACC00288"
ACC00432,Layering (Hop 1),"Layering: sent Rs1606.25 to ACC00160, forwarded Rs1385.88 to ACC00128.","ACC00432|941307794371|ACC00160,ACC00160|123256209869|ACC00128"
ACC00160,Layering (Hop 2),"Layering: sent Rs1606.25 to ACC00160, forwarded Rs1385.88 to ACC00128.","ACC00432|941307794371|ACC00160,ACC00160|123256209869|ACC00128"
ACC00187,Layering (Hop 1),"Layering: sent Rs1477.3 to ACC00180, forwarded Rs1353.63 to ACC00175.","ACC00187|352541810484|ACC00180,ACC00180|186022453198|ACC00175"
ACC00180,Layering (Hop 2),"Layering: sent Rs1477.3 to ACC00180, forwarded Rs1353.63 to ACC00175.","ACC00187|352541810484|ACC00180,ACC00180|186022453198|ACC00175"
ACC00303,Layering (Hop 1),"Layering: sent Rs871.98 to ACC00128, forwarded Rs776.41 to ACC00074.","ACC00303|387197931155|ACC00128,ACC00128|917231939456|ACC00074"
ACC00128,Layering (Hop 2),"Layering: sent Rs871.98 to ACC00128, forwarded Rs776.41 to ACC00074.","ACC00303|387197931155|ACC00128,ACC00128|917231939456|ACC00074"
ACC00323,Layering (Hop 2),"Layering: sent Rs1550.0 to ACC00323, forwarded Rs1321.84 to ACC00005.","ACC00303|899051373096|ACC00323,ACC00323|767086942068|ACC00005"
ACC00257,Layering (Hop 1),"Layering: sent Rs955.45 to ACC00348, forwarded Rs980.27 to ACC00403.","ACC00257|771069940389|ACC00348,ACC00348|130646572209|ACC00403"
ACC00348,Layering (Hop 2),"Layering: sent Rs955.45 to ACC00348, forwarded Rs980.27 to ACC00403.","ACC00257|771069940389|ACC00348,ACC00348|130646572209|ACC00403"
ACC00424,Layering (Hop 1),"Layering: sent Rs2525.52 to ACC00495, forwarded Rs2243.14 to ACC00410.","ACC00424|551096632135|ACC00495,ACC00495|658401891707|ACC00410"
ACC00495,Layering (Hop 2),"Layering: sent Rs2525.52 to ACC00495, forwarded Rs2243.14 to ACC00410.","ACC00424|551096632135|ACC00495,ACC00495|658401891707|ACC00410"
ACC00533,Fan-In,"Fan-In: 16 incoming txns totaling Rs37199.47, consolidated into 1 outgoing txns totaling Rs34992.82.",
ACC00515,Fan-In,"Fan-In: 30 incoming txns totaling Rs72579.29, consolidated into 1 outgoing txns totaling Rs69313.21.",
ACC00015,Layering (Hop 1),"Layering: sent Rs1675.47 to ACC00178, forwarded Rs1471.96 to ACC00116.","ACC00015|590881128114|ACC00178,ACC00178|324957036627|ACC00116"
ACC00178,Layering (Hop 2),"Layering: sent Rs1675.47 to ACC00178, forwarded Rs1471.96 to ACC00116.","ACC00015|590881128114|ACC00178,ACC00178|324957036627|ACC00116"
ACC00381,Layering (Hop 2),"Layering: sent Rs1333.28 to ACC00381, forwarded Rs1202.53 to ACC00034.","ACC00015|41459102748|ACC00381,ACC00381|68548671267|ACC00034"
ACC00526,Fan-In,"Fan-In: 35 incoming txns totaling Rs91263.48, consolidated into 1 outgoing txns totaling Rs82239.06.",
ACC00169,Layering (Hop 1),"Layering: sent Rs1413.65 to ACC00458, forwarded Rs1424.96 to ACC00258.","ACC00169|4246724792|ACC00458,ACC00458|199978554001|ACC00258"
ACC00458,Layering (Hop 2),"Layering: sent Rs1413.65 to ACC00458, forwarded Rs1424.96 to ACC00258.","ACC00169|4246724792|ACC00458,ACC00458|199978554001|ACC00258"
ACC00272,Layering (Hop 1),"Layering: sent Rs2216.39 to ACC00032, forwarded Rs1951.34 to ACC00098.","ACC00272|320476345573|ACC00032,ACC00032|966724980639|ACC00098"
ACC00032,Layering (Hop 2),"Layering: sent Rs2216.39 to ACC00032, forwarded Rs1951.34 to ACC00098.","ACC00272|320476345573|ACC00032,ACC00032|966724980639|ACC00098"
ACC00211,Layering (Hop 1),"Layering: sent Rs1090.77 to ACC00110, forwarded Rs948.93 to ACC00022.","ACC00211|479850667986|ACC00110,ACC00110|725767859976|ACC00022"
ACC00157,Layering (Hop 1),"Layering: sent Rs2339.02 to ACC00114, forwarded Rs2160.64 to ACC00022.","ACC00157|339240178453|ACC00114,ACC00114|90515072720|ACC00022"
ACC00114,Layering (Hop 2),"Layering: sent Rs2339.02 to ACC00114, forwarded Rs2160.64 to ACC00022.","ACC00157|339240178453|ACC00114,ACC00114|90515072720|ACC00022"
ACC00462,Layering (Hop 1),"Layering: sent Rs1870.76 to ACC00395, forwarded Rs1944.74 to ACC00118.","ACC00462|19387954394|ACC00395,ACC00395|437752382369|ACC00118"
ACC00214,Layering (Hop 1),"Layering: sent Rs1775.74 to ACC00036, forwarded Rs1697.25 to ACC00292.","ACC00214|872472145061|ACC00036,ACC00036|731164023276|ACC00292"
ACC00036,Layering (Hop 2),"Layering: sent Rs1775.74 to ACC00036, forwarded Rs1697.25 to ACC00292.","ACC00214|872472145061|ACC00036,ACC00036|731164023276|ACC00292"
ACC00149,Layering (Hop 2),"Layering: sent Rs1204.45 to ACC00149, forwarded Rs1076.24 to ACC00214.","ACC00214|371777481821|ACC00149,ACC00149|56687776249|ACC00214"
ACC00405,Layering (Hop 1),"Layering: sent Rs1640.5 to ACC00121, forwarded Rs1523.36 to ACC00265.","ACC00405|686464389812|ACC00121,ACC00121|526781834369|ACC00265"
ACC00121,Layering (Hop 2),"Layering: sent Rs1640.5 to ACC00121, forwarded Rs1523.36 to ACC00265.","ACC00405|686464389812|ACC00121,ACC00121|526781834369|ACC00265"
ACC00271,Layering (Hop 1),"Layering: sent Rs1066150.33 to ACC00516, forwarded Rs959584.27 to ACC00541.","ACC00271|702762015458|ACC00516,ACC00516|149659318055|ACC00541"
ACC00516,Layering (Hop 2),"Layering: sent Rs1066150.33 to ACC00516, forwarded Rs959584.27 to ACC00541.","ACC00271|702762015458|ACC00516,ACC00516|149659318055|ACC00541"
ACC00472,Layering (Hop 1),"Layering: sent Rs1785.54 to ACC00360, forwarded Rs1520.8 to ACC00122.","ACC00472|562822833567|ACC00360,ACC00360|904450852731|ACC00122"
ACC00360,Layering (Hop 2),"Layering: sent Rs1785.54 to ACC00360, forwarded Rs1520.8 to ACC00122.","ACC00472|562822833567|ACC00360,ACC00360|904450852731|ACC00122"
ACC00467,Layering (Hop 1),"Layering: sent Rs2103.26 to ACC00456, forwarded Rs2060.89 to ACC00302.","ACC00467|819416983266|ACC00456,ACC00456|239201302750|ACC00302"
ACC00456,Layering (Hop 2),"Layering: sent Rs2103.26 to ACC00456, forwarded Rs2060.89 to ACC00302.","ACC00467|819416983266|ACC00456,ACC00456|239201302750|ACC00302"
ACC00548,Fan-In,"Fan-In: 24 incoming txns totaling Rs67058.87, consolidated into 1 outgoing txns totaling Rs61628.71.",
ACC00287,Layering (Hop 1),"Layering: sent Rs637.4 to ACC00475, forwarded Rs549.15 to ACC00101.","ACC00287|236249064750|ACC00475,ACC00475|629634515856|ACC00101"
ACC00475,Layering (Hop 2),"Layering: sent Rs637.4 to ACC00475, forwarded Rs549.15 to ACC00101.","ACC00287|236249064750|ACC00475,ACC00475|629634515856|ACC00101"
ACC00196,Layering (Hop 1),"Layering: sent Rs2203.08 to ACC00329, forwarded Rs1876.16 to ACC00196.","ACC00196|648079233413|ACC00329,ACC00329|363288089126|ACC00196"
ACC00445,Layering (Hop 2),"Layering: sent Rs482.75 to ACC00445, forwarded Rs495.49 to ACC00090.","ACC00196|493640893435|ACC00445,ACC00445|721052037416|ACC00090"
ACC00498,Layering (Hop 1),"Layering: sent Rs435.43 to ACC00225, forwarded Rs415.07 to ACC00436.","ACC00498|79182921834|ACC00225,ACC00225|603599580709|ACC00436"
ACC00225,Layering (Hop 2),"Layering: sent Rs435.43 to ACC00225, forwarded Rs415.07 to ACC00436.","ACC00498|79182921834|ACC00225,ACC00225|603599580709|ACC00436"
ACC00150,Layering (Hop 1),"Layering: sent Rs861.33 to ACC00169, forwarded Rs799.06 to ACC00058.","ACC00150|759306732484|ACC00169,ACC00169|52083852555|ACC00058"
ACC00169,Layering (Hop 2),"Layering: sent Rs861.33 to ACC00169, forwarded Rs799.06 to ACC00058.","ACC00150|759306732484|ACC00169,ACC00169|52083852555|ACC00058"
ACC00087,Layering (Hop 1),"Layering: sent Rs1529.98 to ACC00048, forwarded Rs1364.85 to ACC00356.","ACC00087|711168703606|ACC00048,ACC00048|251050971749|ACC00356"
ACC00048,Layering (Hop 2),"Layering: sent Rs1529.98 to ACC00048, forwarded Rs1364.85 to ACC00356.","ACC00087|711168703606|ACC00048,ACC00048|251050971749|ACC00356"
ACC00503,Layering (Hop 1),"Layering: sent Rs1228510.04 to ACC00546, forwarded Rs1205423.57 to ACC00536.","ACC00503|70768302561|ACC00546,ACC00546|944233171103|ACC00536"
ACC00546,Layering (Hop 2),"Layering: sent Rs1228510.04 to ACC00546, forwarded Rs1205423.57 to ACC00536.","ACC00503|70768302561|ACC00546,ACC00546|944233171103|ACC00536"
ACC00244,Layering (Hop 1),"Layering: sent Rs1860.34 to ACC00052, forwarded Rs1595.88 to ACC00275.","ACC00244|956915959184|ACC00052,ACC00052|158724573035|ACC00275"
ACC00052,Layering (Hop 2),"Layering: sent Rs1860.34 to ACC00052, forwarded Rs1595.88 to ACC00275.","ACC00244|956915959184|ACC00052,ACC00052|158724573035|ACC00275"
ACC00354,Layering (Hop 1),"Layering: sent Rs939.03 to ACC00283, forwarded Rs816.7 to ACC00473.","ACC00354|114165037088|ACC00283,ACC00283|996828700460|ACC00473"
ACC00283,Layering (Hop 2),"Layering: sent Rs939.03 to ACC00283, forwarded Rs816.7 to ACC00473.","ACC00354|114165037088|ACC00283,ACC00283|996828700460|ACC00473"
ACC00509,Fan-In,"Fan-In: 18 incoming txns totaling Rs42491.23, consolidated into 1 outgoing txns totaling Rs39251.18.",
ACC00322,Layering (Hop 1),"Layering: sent Rs1779.44 to ACC00219, forwarded Rs1553.59 to ACC00224.","ACC00322|385586316233|ACC00219,ACC00219|958231978106|ACC00224"
ACC00219,Layering (Hop 2),"Layering: sent Rs1779.44 to ACC00219, forwarded Rs1553.59 to ACC00224.","ACC00322|385586316233|ACC00219,ACC00219|958231978106|ACC00224"
ACC00261,Layering (Hop 1),"Layering: sent Rs1274017.82 to ACC00503, forwarded Rs1228510.04 to ACC00546.","ACC00261|373190140584|ACC00503,ACC00503|70768302561|ACC00546"
ACC00503,Layering (Hop 2),"Layering: sent Rs1274017.82 to ACC00503, forwarded Rs1228510.04 to ACC00546.","ACC00261|373190140584|ACC00503,ACC00503|70768302561|ACC00546"
ACC00505,Fan-In,"Fan-In: 39 incoming txns totaling Rs103040.04, consolidated into 1 outgoing txns totaling Rs95800.25.",
ACC00327,Layering (Hop 1),"Layering: sent Rs1595.98 to ACC00203, forwarded Rs1570.89 to ACC00393.","ACC00327|380445090127|ACC00203,ACC00203|543207741329|ACC00393"
ACC00203,Layering (Hop 2),"Layering: sent Rs1595.98 to ACC00203, forwarded Rs1570.89 to ACC00393.","ACC00327|380445090127|ACC00203,ACC00203|543207741329|ACC00393"
ACC00221,Layering (Hop 1),"Layering: sent Rs2888.47 to ACC00263, forwarded Rs2663.44 to ACC00153.","ACC00221|200153342254|ACC00263,ACC00263|82035074303|ACC00153"
ACC00263,Layering (Hop 2),"Layering: sent Rs2888.47 to ACC00263, forwarded Rs2663.44 to ACC00153.","ACC00221|200153342254|ACC00263,ACC00263|82035074303|ACC00153"
ACC00417,Layering (Hop 1),"Layering: sent Rs723.64 to ACC00368, forwarded Rs641.57 to ACC00337.","ACC00417|785559021973|ACC00368,ACC00368|915480701162|ACC00337"
ACC00368,Layering (Hop 2),"Layering: sent Rs723.64 to ACC00368, forwarded Rs641.57 to ACC00337.","ACC00417|785559021973|ACC00368,ACC00368|915480701162|ACC00337"
ACC00411,Layering (Hop 2),"Layering: sent Rs2326.56 to ACC00411, forwarded Rs2325.89 to ACC00350.","ACC00417|323262071636|ACC00411,ACC00411|740308871594|ACC00350"
ACC00513,Fan-In,"Fan-In: 23 incoming txns totaling Rs59306.17, consolidated into 1 outgoing txns totaling Rs56828.39.",
ACC00229,Layering (Hop 1),"Layering: sent Rs902.89 to ACC00067, forwarded Rs837.68 to ACC00125.","ACC00229|758969745980|ACC00067,ACC00067|571893722090|ACC00125"
ACC00067,Layering (Hop 2),"Layering: sent Rs902.89 to ACC00067, forwarded Rs837.68 to ACC00125.","ACC00229|758969745980|ACC00067,ACC00067|571893722090|ACC00125"
ACC00504,Fan-In,"Fan-In: 15 incoming txns totaling Rs36870.56, consolidated into 1 outgoing txns totaling Rs34015.98.",
ACC00316,Layering (Hop 1),"Layering: sent Rs6689.66 to ACC00278, forwarded Rs6471.46 to ACC00300.","ACC00316|93866769373|ACC00278,ACC00278|237338542285|ACC00300"
ACC00278,Layering (Hop 2),"Layering: sent Rs6689.66 to ACC00278, forwarded Rs6471.46 to ACC00300.","ACC00316|93866769373|ACC00278,ACC00278|237338542285|ACC00300"
ACC00237,Layering (Hop 1),"Layering: sent Rs3790.55 to ACC00413, forwarded Rs3289.96 to ACC00322.","ACC00237|515523983406|ACC00413,ACC00413|455118862180|ACC00322"
ACC00413,Layering (Hop 2),"Layering: sent Rs3790.55 to ACC00413, forwarded Rs3289.96 to ACC00322.","ACC00237|515523983406|ACC00413,ACC00413|455118862180|ACC00322"
ACC00183,Layering (Hop 1),"Layering: sent Rs926.36 to ACC00154, forwarded Rs842.29 to ACC00023.","ACC00183|204653885551|ACC00154,ACC00154|239034905410|ACC00023"
ACC00154,Layering (Hop 2),"Layering: sent Rs926.36 to ACC00154, forwarded Rs842.29 to ACC00023.","ACC00183|204653885551|ACC00154,ACC00154|239034905410|ACC00023"
ACC00439,Layering (Hop 1),"Layering: sent Rs524.57 to ACC00332, forwarded Rs504.43 to ACC00297.","ACC00439|261945708593|ACC00332,ACC00332|86219967437|ACC00297"
ACC00332,Layering (Hop 2),"Layering: sent Rs524.57 to ACC00332, forwarded Rs504.43 to ACC00297.","ACC00439|261945708593|ACC00332,ACC00332|86219967437|ACC00297"
ACC00173,Layering (Hop 1),"Layering: sent Rs3105.95 to ACC00071, forwarded Rs2795.55 to ACC00465.","ACC00173|823453219174|ACC00071,ACC00071|423964237841|ACC00465"
ACC00071,Layering (Hop 2),"Layering: sent Rs3105.95 to ACC00071, forwarded Rs2795.55 to ACC00465.","ACC00173|823453219174|ACC00071,ACC00071|423964237841|ACC00465"
ACC00132,Layering (Hop 1),"Layering: sent Rs3069.51 to ACC00447, forwarded Rs2777.38 to ACC00362.","ACC00132|344388645780|ACC00447,ACC00447|218476228687|ACC00362"
ACC00523,Fan-In,"Fan-In: 25 incoming txns totaling Rs66605.89, consolidated into 1 outgoing txns totaling Rs64312.53.",
ACC00538,Fan-In,"Fan-In: 31 incoming txns totaling Rs84327.47, consolidated into 1 outgoing txns totaling Rs79638.23.",
ACC00295,Layering (Hop 1),"Layering: sent Rs923.82 to ACC00439, forwarded Rs820.38 to ACC00470.","ACC00295|495852300644|ACC00439,ACC00439|726480343292|ACC00470"
ACC00439,Layering (Hop 2),"Layering: sent Rs923.82 to ACC00439, forwarded Rs820.38 to ACC00470.","ACC00295|495852300644|ACC00439,ACC00439|726480343292|ACC00470"
ACC00252,Layering (Hop 1),"Layering: sent Rs890.8 to ACC00239, forwarded Rs909.16 to ACC00325.","ACC00252|878042908418|ACC00239,ACC00239|594704733087|ACC00325"
ACC00239,Layering (Hop 2),"Layering: sent Rs890.8 to ACC00239, forwarded Rs909.16 to ACC00325.","ACC00252|878042908418|ACC00239,ACC00239|594704733087|ACC00325"
ACC00399,Layering (Hop 1),"Layering: sent Rs859.35 to ACC00445, forwarded Rs820.22 to ACC00384.","ACC00399|60660242092|ACC00445,ACC00445|794369931098|ACC00384"
ACC00520,Fan-In,"Fan-In: 32 incoming txns totaling Rs87341.86, consolidated into 1 outgoing txns totaling Rs84387.11.",
ACC00550,Fan-In,"Fan-In: 37 incoming txns totaling Rs107426.02, consolidated into 1 outgoing txns totaling Rs99027.34.",
ACC00104,Layering (Hop 1),"Layering: sent Rs2884.6 to ACC00279, forwarded Rs2914.18 to ACC00060.","ACC00104|450503109770|ACC00279,ACC00279|408471929620|ACC00060"
ACC00279,Layering (Hop 2),"Layering: sent Rs2884.6 to ACC00279, forwarded Rs2914.18 to ACC00060.","ACC00104|450503109770|ACC00279,ACC00279|408471929620|ACC00060"
ACC00189,Layering (Hop 1),"Layering: sent Rs1678.32 to ACC00216, forwarded Rs1611.19 to ACC00383.","ACC00189|599139185825|ACC00216,ACC00216|411513375041|ACC00383"
ACC00547,Fan-In,"Fan-In: 21 incoming txns totaling Rs55173.97, consolidated into 1 outgoing txns totaling Rs51025.26.",
ACC00516,Layering (Hop 1),"Layering: sent Rs959584.27 to ACC00541, forwarded Rs943620.5 to ACC00501.","ACC00516|149659318055|ACC00541,ACC00541|850068182388|ACC00501"
ACC00541,Layering (Hop 2),"Layering: sent Rs959584.27 to ACC00541, forwarded Rs943620.5 to ACC00501.","ACC00516|149659318055|ACC00541,ACC00541|850068182388|ACC00501"
ACC00066,Layering (Hop 1),"Layering: sent Rs1038.94 to ACC00394, forwarded Rs1030.04 to ACC00349.","ACC00066|737569707930|ACC00394,ACC00394|269941582661|ACC00349"
ACC00297,Layering (Hop 1),"Layering: sent Rs2082.96 to ACC00007, forwarded Rs1875.84 to ACC00381.","ACC00297|308506720901|ACC00007,ACC00007|931780013381|ACC00381"
ACC00007,Layering (Hop 2),"Layering: sent Rs2082.96 to ACC00007, forwarded Rs1875.84 to ACC00381.","ACC00297|308506720901|ACC00007,ACC00007|931780013381|ACC00381"
ACC00130,Layering (Hop 1),"Layering: sent Rs389.75 to ACC00179, forwarded Rs357.23 to ACC00004.","ACC00130|438647954622|ACC00179,ACC00179|427884895273|ACC00004"
ACC00179,Layering (Hop 2),"Layering: sent Rs389.75 to ACC00179, forwarded Rs357.23 to ACC00004.","ACC00130|438647954622|ACC00179,ACC00179|427884895273|ACC00004"
ACC00113,Layering (Hop 1),"Layering: sent Rs1179.48 to ACC00019, forwarded Rs1113.25 to ACC00335.","ACC00113|169519884240|ACC00019,ACC00019|943761174843|ACC00335"
ACC00339,Layering (Hop 2),"Layering: sent Rs1949.72 to ACC00339, forwarded Rs1878.74 to ACC00257.","ACC00113|940228525667|ACC00339,ACC00339|939590759146|ACC00257"
ACC00026,Layering (Hop 1),"Layering: sent Rs409.56 to ACC00142, forwarded Rs412.11 to ACC00209.","ACC00026|937616224069|ACC00142,ACC00142|358893762490|ACC00209"
ACC00142,Layering (Hop 2),"Layering: sent Rs409.56 to ACC00142, forwarded Rs412.11 to ACC00209.","ACC00026|937616224069|ACC00142,ACC00142|358893762490|ACC00209"
ACC00409,Layering (Hop 1),"Layering: sent Rs1008.99 to ACC00228, forwarded Rs938.67 to ACC00421.","ACC00409|281997968928|ACC00228,ACC00228|816104496877|ACC00421"
ACC00228,Layering (Hop 2),"Layering: sent Rs1008.99 to ACC00228, forwarded Rs938.67 to ACC00421.","ACC00409|281997968928|ACC00228,ACC00228|816104496877|ACC00421"
ACC00161,Layering (Hop 1),"Layering: sent Rs1662.25 to ACC00388, forwarded Rs1450.93 to ACC00192.","ACC00161|353108234996|ACC00388,ACC00388|593412327119|ACC00192"
ACC00072,Layering (Hop 1),"Layering: sent Rs1706.04 to ACC00264, forwarded Rs1655.94 to ACC00234.","ACC00072|737045788354|ACC00264,ACC00264|59456668407|ACC00234"
ACC00264,Layering (Hop 2),"Layering: sent Rs1706.04 to ACC00264, forwarded Rs1655.94 to ACC00234.","ACC00072|737045788354|ACC00264,ACC00264|59456668407|ACC00234"
ACC00160,Layering (Hop 1),"Layering: sent Rs1904.04 to ACC00310, forwarded Rs1619.83 to ACC00164.","ACC00160|715210353374|ACC00310,ACC00310|43932253271|ACC00164"
ACC00310,Layering (Hop 2),"Layering: sent Rs1904.04 to ACC00310, forwarded Rs1619.83 to ACC00164.","ACC00160|715210353374|ACC00310,ACC00310|43932253271|ACC00164"
ACC00391,Layering (Hop 1),"Layering: sent Rs1588.94 to ACC00460, forwarded Rs1415.74 to ACC00182.","ACC00391|921412136198|ACC00460,ACC00460|764857338525|ACC00182"
ACC00460,Layering (Hop 2),"Layering: sent Rs1588.94 to ACC00460, forwarded Rs1415.74 to ACC00182.","ACC00391|921412136198|ACC00460,ACC00460|764857338525|ACC00182"
ACC00131,Layering (Hop 1),"Layering: sent Rs13272.08 to ACC00317, forwarded Rs13578.68 to ACC00407.","ACC00131|608558299967|ACC00317,ACC00317|638594971158|ACC00407"
ACC00317,Layering (Hop 2),"Layering: sent Rs13272.08 to ACC00317, forwarded Rs13578.68 to ACC00407.","ACC00131|608558299967|ACC00317,ACC00317|638594971158|ACC00407"
ACC00181,Layering (Hop 1),"Layering: sent Rs3530.55 to ACC00337, forwarded Rs3623.59 to ACC00244.","ACC00181|807797067166|ACC00337,ACC00337|341659347050|ACC00244"
ACC00337,Layering (Hop 2),"Layering: sent Rs3530.55 to ACC00337, forwarded Rs3623.59 to ACC00244.","ACC00181|807797067166|ACC00337,ACC00337|341659347050|ACC00244"
ACC00018,Layering (Hop 1),"Layering: sent Rs824.34 to ACC00445, forwarded Rs820.22 to ACC00384.","ACC00018|202002101275|ACC00445,ACC00445|794369931098|ACC00384"
ACC00453,Layering (Hop 1),"Layering: sent Rs899.71 to ACC00274, forwarded Rs875.42 to ACC00056.","ACC00453|885369640091|ACC00274,ACC00274|853311572400|ACC00056"
ACC00274,Layering (Hop 2),"Layering: sent Rs899.71 to ACC00274, forwarded Rs875.42 to ACC00056.","ACC00453|885369640091|ACC00274,ACC00274|853311572400|ACC00056"
ACC00518,Fan-In,"Fan-In: 37 incoming txns totaling Rs107445.33, consolidated into 1 outgoing txns totaling Rs99963.81.",
ACC00262,Layering (Hop 1),"Layering: sent Rs499.88 to ACC00469, forwarded Rs436.98 to ACC00136.","ACC00262|392773954376|ACC00469,ACC00469|54469715800|ACC00136"
ACC00469,Layering (Hop 2),"Layering: sent Rs499.88 to ACC00469, forwarded Rs436.98 to ACC00136.","ACC00262|392773954376|ACC00469,ACC00469|54469715800|ACC00136"
ACC00266,Layering (Hop 1),"Layering: sent Rs603.52 to ACC00150, forwarded Rs583.93 to ACC00376.","ACC00266|789973152504|ACC00150,ACC00150|871922952587|ACC00376"
ACC00150,Layering (Hop 2),"Layering: sent Rs603.52 to ACC00150, forwarded Rs583.93 to ACC00376.","ACC00266|789973152504|ACC00150,ACC00150|871922952587|ACC00376"
ACC00384,Layering (Hop 1),"Layering: sent Rs1036.31 to ACC00436, forwarded Rs935.47 to ACC00034.","ACC00384|518346764151|ACC00436,ACC00436|551802956628|ACC00034"
ACC00177,Layering (Hop 1),"Layering: sent Rs1629.56 to ACC00490, forwarded Rs1620.38 to ACC00177.","ACC00177|505273895952|ACC00490,ACC00490|234388807792|ACC00177"
ACC00490,Layering (Hop 2),"Layering: sent Rs1629.56 to ACC00490, forwarded Rs1620.38 to ACC00177.","ACC00177|505273895952|ACC00490,ACC00490|234388807792|ACC00177"
ACC00022,Layering (Hop 1),"Layering: sent Rs1584.03 to ACC00334, forwarded Rs1381.88 to ACC00098.","ACC00022|808585753807|ACC00334,ACC00334|708747238051|ACC00098"
ACC00334,Layering (Hop 2),"Layering: sent Rs1584.03 to ACC00334, forwarded Rs1381.88 to ACC00098.","ACC00022|808585753807|ACC00334,ACC00334|708747238051|ACC00098"
ACC00285,Layering (Hop 1),"Layering: sent Rs1770.62 to ACC00183, forwarded Rs1737.89 to ACC00224.","ACC00285|352511688546|ACC00183,ACC00183|900179179648|ACC00224"
ACC00183,Layering (Hop 2),"Layering: sent Rs1770.62 to ACC00183, forwarded Rs1737.89 to ACC00224.","ACC00285|352511688546|ACC00183,ACC00183|900179179648|ACC00224"
ACC00242,Layering (Hop 1),"Layering: sent Rs439.1 to ACC00118, forwarded Rs439.9 to ACC00032.","ACC00242|395700884114|ACC00118,ACC00118|504438638476|ACC00032"
ACC00118,Layering (Hop 2),"Layering: sent Rs439.1 to ACC00118, forwarded Rs439.9 to ACC00032.","ACC00242|395700884114|ACC00118,ACC00118|504438638476|ACC00032"
ACC00360,Layering (Hop 1),"Layering: sent Rs1445.54 to ACC00122, forwarded Rs1493.68 to ACC00538.","ACC00360|712800920779|ACC00122,ACC00122|76756184439|ACC00538"
ACC00122,Layering (Hop 2),"Layering: sent Rs1445.54 to ACC00122, forwarded Rs1493.68 to ACC00538.","ACC00360|712800920779|ACC00122,ACC00122|76756184439|ACC00538"
ACC00082,Layering (Hop 1),"Layering: sent Rs1147.13 to ACC00440, forwarded Rs1010.14 to ACC00312.","ACC00082|376885924534|ACC00440,ACC00440|588027229965|ACC00312"
ACC00008,Layering (Hop 1),"Layering: sent Rs1869.74 to ACC00019, forwarded Rs1743.24 to ACC00329.","ACC00008|689318468046|ACC00019,ACC00019|300520292265|ACC00329"
ACC00506,Fan-In,"Fan-In: 40 incoming txns totaling Rs117986.33, consolidated into 1 outgoing txns totaling Rs112477.46.",
ACC00529,Fan-In,"Fan-In: 37 incoming txns totaling Rs94750.10, consolidated into 1 outgoing txns totaling Rs88086.74.",
ACC00335,Layering (Hop 1),"Layering: sent Rs1309.85 to ACC00165, forwarded Rs1292.18 to ACC00353.","ACC00335|862860551070|ACC00165,ACC00165|902932646141|ACC00353"
ACC00165,Layering (Hop 2),"Layering: sent Rs1309.85 to ACC00165, forwarded Rs1292.18 to ACC00353.","ACC00335|862860551070|ACC00165,ACC00165|902932646141|ACC00353"
ACC00495,Layering (Hop 1),"Layering: sent Rs1986.81 to ACC00184, forwarded Rs1993.71 to ACC00196.","ACC00495|148534232166|ACC00184,ACC00184|120921892178|ACC00196"
ACC00184,Layering (Hop 2),"Layering: sent Rs1986.81 to ACC00184, forwarded Rs1993.71 to ACC00196.","ACC00495|148534232166|ACC00184,ACC00184|120921892178|ACC00196"
ACC00259,Layering (Hop 1),"Layering: sent Rs1546.69 to ACC00004, forwarded Rs1347.13 to ACC00084.","ACC00259|930052338443|ACC00004,ACC00004|361113697938|ACC00084"
ACC00004,Layering (Hop 2),"Layering: sent Rs1546.69 to ACC00004, forwarded Rs1347.13 to ACC00084.","ACC00259|930052338443|ACC00004,ACC00004|361113697938|ACC00084"
ACC00124,Layering (Hop 2),"Layering: sent Rs727.38 to ACC00124, forwarded Rs733.51 to ACC00197.","ACC00259|899904227164|ACC00124,ACC00124|76127397166|ACC00197"
ACC00477,Layering (Hop 1),"Layering: sent Rs1728.46 to ACC00146, forwarded Rs1562.32 to ACC00456.","ACC00477|92752529049|ACC00146,ACC00146|303207365115|ACC00456"
ACC00146,Layering (Hop 2),"Layering: sent Rs1728.46 to ACC00146, forwarded Rs1562.32 to ACC00456.","ACC00477|92752529049|ACC00146,ACC00146|303207365115|ACC00456"
ACC00161,Layering (Hop 2),"Layering: sent Rs2643.38 to ACC00161, forwarded Rs2419.87 to ACC00017.","ACC00477|66192607356|ACC00161,ACC00161|981248944053|ACC00017"
ACC00386,Layering (Hop 1),"Layering: sent Rs1455.73 to ACC00442, forwarded Rs1457.32 to ACC00241.","ACC00386|580956560276|ACC00442,ACC00442|688130921268|ACC00241"
ACC00442,Layering (Hop 2),"Layering: sent Rs1455.73 to ACC00442, forwarded Rs1457.32 to ACC00241.","ACC00386|580956560276|ACC00442,ACC00442|688130921268|ACC00241"
ACC00051,Layering (Hop 1),"Layering: sent Rs3425.5 to ACC00154, forwarded Rs3229.49 to ACC00183.","ACC00051|215373531529|ACC00154,ACC00154|311980907300|ACC00183"
ACC00016,Layering (Hop 1),"Layering: sent Rs2712.98 to ACC00126, forwarded Rs2575.02 to ACC00034.","ACC00016|138746594456|ACC00126,ACC00126|332260432489|ACC00034"
ACC00527,Layering (Hop 2),"Layering: sent Rs2417713.25 to ACC00527, forwarded Rs2178711.69 to ACC00507.","ACC00016|29663287449|ACC00527,ACC00527|771145867082|ACC00507"
ACC00454,Layering (Hop 1),"Layering: sent Rs2973.03 to ACC00489, forwarded Rs2990.41 to ACC00177.","ACC00454|681499160334|ACC00489,ACC00489|810689646263|ACC00177"
ACC00020,Layering (Hop 1),"Layering: sent Rs738.29 to ACC00310, forwarded Rs657.24 to ACC00090.","ACC00020|967763636251|ACC00310,ACC00310|179957452652|ACC00090"
ACC00033,Layering (Hop 1),"Layering: sent Rs1225.39 to ACC00396, forwarded Rs1149.28 to ACC00070.","ACC00033|674760252318|ACC00396,ACC00396|995781118746|ACC00070"
ACC00034,Layering (Hop 1),"Layering: sent Rs2624.08 to ACC00070, forwarded Rs2404.81 to ACC00533.","ACC00034|714945027031|ACC00070,ACC00070|499003830219|ACC00533"
ACC00070,Layering (Hop 2),"Layering: sent Rs2624.08 to ACC00070, forwarded Rs2404.81 to ACC00533.","ACC00034|714945027031|ACC00070,ACC00070|499003830219|ACC00533"
ACC00540,Layering (Hop 1),"Layering: sent Rs791477.95 to ACC00549, forwarded Rs741956.55 to ACC00537.","ACC00540|522716359835|ACC00549,ACC00549|450728781289|ACC00537"
ACC00549,Layering (Hop 2),"Layering: sent Rs791477.95 to ACC00549, forwarded Rs741956.55 to ACC00537.","ACC00540|522716359835|ACC00549,ACC00549|450728781289|ACC00537"
ACC00216,Layering (Hop 1),"Layering: sent Rs2720.87 to ACC00418, forwarded Rs2331.0 to ACC00365.","ACC00216|990855726832|ACC00418,ACC00418|7301919501|ACC00365"
ACC00418,Layering (Hop 2),"Layering: sent Rs2720.87 to ACC00418, forwarded Rs2331.0 to ACC00365.","ACC00216|990855726832|ACC00418,ACC00418|7301919501|ACC00365"
ACC00404,Layering (Hop 1),"Layering: sent Rs7877.17 to ACC00352, forwarded Rs6868.31 to ACC00048.","ACC00404|801498695895|ACC00352,ACC00352|692062458097|ACC00048"
ACC00352,Layering (Hop 2),"Layering: sent Rs7877.17 to ACC00352, forwarded Rs6868.31 to ACC00048.","ACC00404|801498695895|ACC00352,ACC00352|692062458097|ACC00048"
ACC00195,Layering (Hop 1),"Layering: sent Rs307.96 to ACC00496, forwarded Rs288.61 to ACC00452.","ACC00195|364927718959|ACC00496,ACC00496|243074501612|ACC00452"
ACC00496,Layering (Hop 2),"Layering: sent Rs307.96 to ACC00496, forwarded Rs288.61 to ACC00452.","ACC00195|364927718959|ACC00496,ACC00496|243074501612|ACC00452"
ACC00445,Layering (Hop 1),"Layering: sent Rs472.51 to ACC00111, forwarded Rs430.02 to ACC00082.","ACC00445|539158573013|ACC00111,ACC00111|664622866557|ACC00082"
ACC00111,Layering (Hop 2),"Layering: sent Rs472.51 to ACC00111, forwarded Rs430.02 to ACC00082.","ACC00445|539158573013|ACC00111,ACC00111|664622866557|ACC00082"
ACC00333,Layering (Hop 2),"Layering: sent Rs1372.72 to ACC00333, forwarded Rs1406.27 to ACC00237.","ACC00445|47826993525|ACC00333,ACC00333|649516212768|ACC00237"
ACC00527,Layering (Hop 1),"Layering: sent Rs2178711.69 to ACC00507, forwarded Rs2152001.61 to ACC00522.","ACC00527|771145867082|ACC00507,ACC00507|816466652414|ACC00522"
ACC00507,Layering (Hop 2),"Layering: sent Rs2178711.69 to ACC00507, forwarded Rs2152001.61 to ACC00522.","ACC00527|771145867082|ACC00507,ACC00507|816466652414|ACC00522"
ACC00201,Layering (Hop 1),"Layering: sent Rs1413.27 to ACC00314, forwarded Rs1368.9 to ACC00125.","ACC00201|780367767503|ACC00314,ACC00314|51302173255|ACC00125"
ACC00314,Layering (Hop 2),"Layering: sent Rs1413.27 to ACC00314, forwarded Rs1368.9 to ACC00125.","ACC00201|780367767503|ACC00314,ACC00314|51302173255|ACC00125"
ACC00358,Layering (Hop 2),"Layering: sent Rs4475.99 to ACC00358, forwarded Rs3957.09 to ACC00119.","ACC00201|338916648249|ACC00358,ACC00358|583587694810|ACC00119"
ACC00461,Layering (Hop 1),"Layering: sent Rs1014.31 to ACC00460, forwarded Rs967.24 to ACC00182.","ACC00461|96227326066|ACC00460,ACC00460|610455776642|ACC00182"
ACC00313,Layering (Hop 1),"Layering: sent Rs1792.16 to ACC00072, forwarded Rs1838.48 to ACC00313.","ACC00313|729000606381|ACC00072,ACC00072|847200509246|ACC00313"
ACC00085,Layering (Hop 1),"Layering: sent Rs625.09 to ACC00445, forwarded Rs600.76 to ACC00003.","ACC00085|894562312189|ACC00445,ACC00445|35559602078|ACC00003"
ACC00121,Layering (Hop 1),"Layering: sent Rs538.71 to ACC00018, forwarded Rs483.87 to ACC00053.","ACC00121|476893662974|ACC00018,ACC00018|141340061826|ACC00053"
ACC00196,Layering (Hop 2),"Layering: sent Rs1716.76 to ACC00196, forwarded Rs1490.09 to ACC00106.","ACC00121|754088972147|ACC00196,ACC00196|957162019700|ACC00106"
ACC00025,Layering (Hop 1),"Layering: sent Rs1499.68 to ACC00125, forwarded Rs1565.35 to ACC00196.","ACC00025|378237801618|ACC00125,ACC00125|754613995459|ACC00196"
ACC00125,Layering (Hop 2),"Layering: sent Rs1499.68 to ACC00125, forwarded Rs1565.35 to ACC00196.","ACC00025|378237801618|ACC00125,ACC00125|754613995459|ACC00196"
ACC00239,Layering (Hop 1),"Layering: sent Rs673.52 to ACC00037, forwarded Rs692.25 to ACC00490.","ACC00239|67854552150|ACC00037,ACC00037|486744964792|ACC00490"
ACC00037,Layering (Hop 2),"Layering: sent Rs673.52 to ACC00037, forwarded Rs692.25 to ACC00490.","ACC00239|67854552150|ACC00037,ACC00037|486744964792|ACC00490"
ACC00021,Layering (Hop 1),"Layering: sent Rs3901.25 to ACC00074, forwarded Rs4058.95 to ACC00434.","ACC00021|44850215450|ACC00074,ACC00074|575178795016|ACC00434"
ACC00074,Layering (Hop 2),"Layering: sent Rs3901.25 to ACC00074, forwarded Rs4058.95 to ACC00434.","ACC00021|44850215450|ACC00074,ACC00074|575178795016|ACC00434"
ACC00379,Layering (Hop 2),"Layering: sent Rs1173.97 to ACC00379, forwarded Rs1157.14 to ACC00061.","ACC00021|557594187956|ACC00379,ACC00379|189728196295|ACC00061"
ACC00004,Layering (Hop 1),"Layering: sent Rs1842.25 to ACC00487, forwarded Rs1868.24 to ACC00322.","ACC00004|290687538057|ACC00487,ACC00487|795014929154|ACC00322"
ACC00487,Layering (Hop 2),"Layering: sent Rs1842.25 to ACC00487, forwarded Rs1868.24 to ACC00322.","ACC00004|290687538057|ACC00487,ACC00487|795014929154|ACC00322"
ACC00544,Fan-In,"Fan-In: 39 incoming txns totaling Rs95069.53, consolidated into 1 outgoing txns totaling Rs86888.21.",
ACC00039,Layering (Hop 1),"Layering: sent Rs510.79 to ACC00061, forwarded Rs466.21 to ACC00076.","ACC00039|311175953233|ACC00061,ACC00061|668323260087|ACC00076"
ACC00061,Layering (Hop 2),"Layering: sent Rs510.79 to ACC00061, forwarded Rs466.21 to ACC00076.","ACC00039|311175953233|ACC00061,ACC00061|668323260087|ACC00076"
ACC00530,Fan-In,"Fan-In: 15 incoming txns totaling Rs46781.34, consolidated into 1 outgoing txns totaling Rs43032.77.",
ACC00481,Layering (Hop 1),"Layering: sent Rs1319.5 to ACC00410, forwarded Rs1362.49 to ACC00364.","ACC00481|380335880230|ACC00410,ACC00410|186143817195|ACC00364"
ACC00410,Layering (Hop 2),"Layering: sent Rs1319.5 to ACC00410, forwarded Rs1362.49 to ACC00364.","ACC00481|380335880230|ACC00410,ACC00410|186143817195|ACC00364"
ACC00406,Layering (Hop 1),"Layering: sent Rs961.17 to ACC00013, forwarded Rs944.76 to ACC00097.","ACC00406|981420485951|ACC00013,ACC00013|906527538363|ACC00097"
ACC00013,Layering (Hop 2),"Layering: sent Rs961.17 to ACC00013, forwarded Rs944.76 to ACC00097.","ACC00406|981420485951|ACC00013,ACC00013|906527538363|ACC00097"
ACC00315,Layering (Hop 2),"Layering: sent Rs4884.12 to ACC00315, forwarded Rs4758.73 to ACC00070.","ACC00406|18391195|ACC00315,ACC00315|810057771895|ACC00070"
ACC00055,Layering (Hop 1),"Layering: sent Rs1089.24 to ACC00349, forwarded Rs1000.65 to ACC00116.","ACC00055|34239258290|ACC00349,ACC00349|872872115673|ACC00116"
ACC00349,Layering (Hop 2),"Layering: sent Rs1089.24 to ACC00349, forwarded Rs1000.65 to ACC00116.","ACC00055|34239258290|ACC00349,ACC00349|872872115673|ACC00116"
ACC00349,Layering (Hop 1),"Layering: sent Rs414.34 to ACC00439, forwarded Rs383.61 to ACC00152.","ACC00349|83991532941|ACC00439,ACC00439|353928512222|ACC00152"
ACC00265,Layering (Hop 1),"Layering: sent Rs2859.37 to ACC00270, forwarded Rs2450.83 to ACC00316.","ACC00265|409348087649|ACC00270,ACC00270|180670749025|ACC00316"
ACC00270,Layering (Hop 2),"Layering: sent Rs2859.37 to ACC00270, forwarded Rs2450.83 to ACC00316.","ACC00265|409348087649|ACC00270,ACC00270|180670749025|ACC00316"
ACC00392,Layering (Hop 1),"Layering: sent Rs1727.6 to ACC00335, forwarded Rs1646.13 to ACC00470.","ACC00392|61489737363|ACC00335,ACC00335|605861265860|ACC00470"
ACC00335,Layering (Hop 2),"Layering: sent Rs1727.6 to ACC00335, forwarded Rs1646.13 to ACC00470.","ACC00392|61489737363|ACC00335,ACC00335|605861265860|ACC00470"
ACC00151,Layering (Hop 1),"Layering: sent Rs2580.82 to ACC00350, forwarded Rs2366.29 to ACC00483.","ACC00151|587007269052|ACC00350,ACC00350|13246451043|ACC00483"
ACC00350,Layering (Hop 2),"Layering: sent Rs2580.82 to ACC00350, forwarded Rs2366.29 to ACC00483.","ACC00151|587007269052|ACC00350,ACC00350|13246451043|ACC00483"
ACC00107,Layering (Hop 1),"Layering: sent Rs1512.13 to ACC00496, forwarded Rs1330.02 to ACC00222.","ACC00107|462341877516|ACC00496,ACC00496|843316504894|ACC00222"
